no,subject,match_type,cos_sim,true_content,pred_content
1,도덕,invalid,-1.0,"외집단에 대한 편견을 비판적으로 분석하고, 타문화⋅타종교⋅타인종을 존중해야 하는 이유에 근거하여 차이와 다양성에 대한 열린 마음을 기른다.",INVALID
2,사회문화,invalid,-1.0,"사회현상의 탐구를 위해 사회현상의 특징에 대한 이해와 사회학적 상상력이 필요함을 인식하고, 사회현상에 대한 다양한 관점을 비교한다.",INVALID
3,사회문화,invalid,-1.0,"사회현상의 탐구를 위해 사회현상의 특징에 대한 이해와 사회학적 상상력이 필요함을 인식하고, 사회현상에 대한 다양한 관점을 비교한다.",INVALID
4,사회문화,invalid,-1.0,"사회현상의 탐구를 위해 사회현상의 특징에 대한 이해와 사회학적 상상력이 필요함을 인식하고, 사회현상에 대한 다양한 관점을 비교한다.",INVALID
5,사회문화,invalid,-1.0,사회 집단 및 사회 조직의 유형과 변화 양상에 대한 이해를 바탕으로 사회 집단 및 사회 조직이 개인의 사회생활과 사회적 관계에 미치는 영향을 설명한다.,INVALID
6,사회문화,invalid,-1.0,사회 집단 및 사회 조직의 유형과 변화 양상에 대한 이해를 바탕으로 사회 집단 및 사회 조직이 개인의 사회생활과 사회적 관계에 미치는 영향을 설명한다.,INVALID
7,사회문화,invalid,-1.0,사회 집단 및 사회 조직의 유형과 변화 양상에 대한 이해를 바탕으로 사회 집단 및 사회 조직이 개인의 사회생활과 사회적 관계에 미치는 영향을 설명한다.,INVALID
8,사회문화,invalid,-1.0,사회 집단 및 사회 조직의 유형과 변화 양상에 대한 이해를 바탕으로 사회 집단 및 사회 조직이 개인의 사회생활과 사회적 관계에 미치는 영향을 설명한다.,INVALID
9,사회문화,invalid,-1.0,사회 집단 및 사회 조직의 유형과 변화 양상에 대한 이해를 바탕으로 사회 집단 및 사회 조직이 개인의 사회생활과 사회적 관계에 미치는 영향을 설명한다.,INVALID
10,사회문화,invalid,-1.0,사회 집단 및 사회 조직의 유형과 변화 양상에 대한 이해를 바탕으로 사회 집단 및 사회 조직이 개인의 사회생활과 사회적 관계에 미치는 영향을 설명한다.,INVALID
11,사회문화,invalid,-1.0,사회 집단 및 사회 조직의 유형과 변화 양상에 대한 이해를 바탕으로 사회 집단 및 사회 조직이 개인의 사회생활과 사회적 관계에 미치는 영향을 설명한다.,INVALID
12,사회문화,invalid,-1.0,사회 집단 및 사회 조직의 유형과 변화 양상에 대한 이해를 바탕으로 사회 집단 및 사회 조직이 개인의 사회생활과 사회적 관계에 미치는 영향을 설명한다.,INVALID
13,사회문화,invalid,-1.0,사회 집단 및 사회 조직의 유형과 변화 양상에 대한 이해를 바탕으로 사회 집단 및 사회 조직이 개인의 사회생활과 사회적 관계에 미치는 영향을 설명한다.,INVALID
14,사회문화,invalid,-1.0,"사회 변동이 다양한 요인의 복합적인 상호 작용의 산물이라는 점을 설명하고, 현대 사회의 변동 과정에서 나타나는 다양한 사회 운동의 유형과 특징을 탐구한다.",INVALID
15,사회문화,invalid,-1.0,"사회 변동이 다양한 요인의 복합적인 상호 작용의 산물이라는 점을 설명하고, 현대 사회의 변동 과정에서 나타나는 다양한 사회 운동의 유형과 특징을 탐구한다.",INVALID
16,사회문화,invalid,-1.0,"사회 변동이 다양한 요인의 복합적인 상호 작용의 산물이라는 점을 설명하고, 현대 사회의 변동 과정에서 나타나는 다양한 사회 운동의 유형과 특징을 탐구한다.",INVALID
17,사회문화,invalid,-1.0,"사회 변동이 다양한 요인의 복합적인 상호 작용의 산물이라는 점을 설명하고, 현대 사회의 변동 과정에서 나타나는 다양한 사회 운동의 유형과 특징을 탐구한다.",INVALID
18,사회문화,invalid,-1.0,"사회 변동이 다양한 요인의 복합적인 상호 작용의 산물이라는 점을 설명하고, 현대 사회의 변동 과정에서 나타나는 다양한 사회 운동의 유형과 특징을 탐구한다.",INVALID
19,사회문화,invalid,-1.0,"사회 변동이 다양한 요인의 복합적인 상호 작용의 산물이라는 점을 설명하고, 현대 사회의 변동 과정에서 나타나는 다양한 사회 운동의 유형과 특징을 탐구한다.",INVALID
20,사회문화,invalid,-1.0,"사회 변동이 다양한 요인의 복합적인 상호 작용의 산물이라는 점을 설명하고, 현대 사회의 변동 과정에서 나타나는 다양한 사회 운동의 유형과 특징을 탐구한다.",INVALID
21,사회문화,invalid,-1.0,"사회 변동이 다양한 요인의 복합적인 상호 작용의 산물이라는 점을 설명하고, 현대 사회의 변동 과정에서 나타나는 다양한 사회 운동의 유형과 특징을 탐구한다.",INVALID
22,사회문화,invalid,-1.0,"하위문화와 주류 문화의 관계에 대한 이해를 바탕으로 다문화 사회의 이주민 문화에 대한 서로 다른 관점을 비교하고, 이주민 문화가 갖는 의의에 기초하여 문화 다양성을 증진하기 위한 방안을 제시한다.",INVALID
23,사회문화,invalid,-1.0,"문화 변동의 다양한 요인과 양상, 문화 변동 과정에서 발생하는 문제점을 이해하고, 문화의 세계화로 인해 나타나는 쟁점에 대해 탐구한다.",INVALID
24,사회문화,invalid,-1.0,"현대 사회에서 나타나는 다양한 사회 불평등 양상을 분석하고, 차별받는 사람들의 입장에 대한 공감을 바탕으로 다양한 불평등 현상에 대한 해결 방안을 모색한다.",INVALID
25,수학,invalid,-1.0,"실생활 자료를 그림그래프로 나타내고, 이를 활용할 수 있다.",INVALID
26,수학,invalid,-1.0,"이차부등식과 이차함수를 연결하여 그 관계를 설명하고, 이차부등식과 연립이차부등식을 풀 수 있다.",INVALID
27,수학,invalid,-1.0,"미지수가 2개인 연립일차방정식을 풀 수 있고, 이를 활용하여 문제를 해결할 수 있다.",INVALID
28,수학,invalid,-1.0,"정수와 유리수의 사칙계산의 원리를 이해하고, 그 계산을 할 수 있다.",INVALID
29,수학,invalid,-1.0,"확률의 개념과 그 기본 성질을 이해하고, 확률을 구할 수 있다.",INVALID
30,수학,invalid,-1.0,"도형의 합동을 이해하고, 합동인 도형의 성질을 탐구하고 설명할 수 있다.",INVALID
31,수학,invalid,-1.0,"한 양이 변할 때 다른 양이 그에 종속하여 변하는 대응 관계를 나타낸 표에서 규칙을 찾아 설명하고, □, △ 등을 사용하여 식으로 나타낼 수 있다.",INVALID
32,수학,invalid,-1.0,"다양한 상황을 그래프로 나타내고, 주어진 그래프를 해석할 수 있다.",INVALID
33,수학,invalid,-1.0,"다양한 상황을 문자를 사용한 식으로 나타내어 그 유용성을 인식하고, 식의 값을 구할 수 있다.",INVALID
34,수학,invalid,-1.0,"여러 가지 방법으로 삼각형과 사각형의 내각의 크기의 합을 추론하고, 자신의 추론 과정을 설명할 수 있다.",INVALID
35,수학,invalid,-1.0,"덧셈, 뺄셈, 곱셈, 나눗셈의 혼합 계산에서 계산하는 순서를 알고, 혼합 계산을 할 수 있다.",INVALID
36,수학,invalid,-1.0,이차함수의 개념을 이해한다.,INVALID
37,수학,invalid,-1.0,점과 직선 사이의 거리를 구할 수 있다.,INVALID
38,수학,invalid,-1.0,사각형의 성질을 이해하고 설명할 수 있다.,INVALID
39,수학,invalid,-1.0,주어진 도형을 이용하여 여러 가지 모양을 만들거나 채울 수 있다.,INVALID
40,수학,invalid,-1.0,다각형과 정다각형의 의미를 안다.,INVALID
41,수학,invalid,-1.0,원의 현에 관한 성질과 접선에 관한 성질을 이해한다.,INVALID
42,수학,invalid,-1.0,회전체의 성질을 이해한다.,INVALID
43,수학,invalid,-1.0,"소인수분해의 뜻을 알고, 자연수를 소인수분해 할 수 있다.",INVALID
44,수학,invalid,-1.0,"일차함수의 그래프의 성질을 이해하고, 이를 활용하여 문제를 해결할 수 있다.",INVALID
45,수학,invalid,-1.0,원의 방정식을 구할 수 있다.,INVALID
46,수학,invalid,-1.0,"원뿔과 구를 알고, 구성 요소와 성질을 이해한다.",INVALID
47,수학,invalid,-1.0,"삼각비의 뜻을 알고, 간단한 삼각비의 값을 구할 수 있다.",INVALID
48,수학,invalid,-1.0,"정비례, 반비례 관계를 이해하고, 그 관계를 표, 식, 그래프로 나타낼 수 있다.",INVALID
49,수학,invalid,-1.0,"‘(단항식)  (다항식)’, ‘(다항식)  (단항식)’과 같은 곱셈과 나눗셈의 원리를 이해하고, 그 계산을 할 수 있다.",INVALID
50,수학,invalid,-1.0,"두 양의 크기를 비교하는 상황을 통해 비의 개념을 이해하고, 두 양의 관계를 비로 나타낼 수 있다.",INVALID
51,수학,invalid,-1.0,"원기둥을 알고, 구성 요소, 성질, 전개도를 이해한다.",INVALID
52,수학,invalid,-1.0,"도형의 닮음의 뜻과 닮은 도형의 성질을 이해하고, 닮음비를 구할 수 있다.",INVALID
53,수학,invalid,-1.0,정수와 유리수의 대소 관계를 판단할 수 있다.,INVALID
54,수학,invalid,-1.0,"다양한 상황을 이용하여 음수의 필요성을 인식하고, 양수와 음수, 정수와 유리수의 개념을 이해한다.",INVALID
55,수학,invalid,-1.0,"일차방정식을 풀 수 있고, 이를 활용하여 문제를 해결할 수 있다.",INVALID
56,수학,invalid,-1.0,"자료를 줄기와 잎 그림, 도수분포표, 히스토그램, 도수분포다각형으로 나타내고 해석할 수 있다.",INVALID
57,수학,invalid,-1.0,"각기둥과 각뿔을 알고, 구성 요소와 성질을 이해한다.",INVALID
58,수학,invalid,-1.0,"순환소수의 뜻을 알고, 유리수와 순환소수의 관계를 설명할 수 있다.",INVALID
59,수학,invalid,-1.0,피타고라스 정리를 이해하고 정당화할 수 있다.,INVALID
60,수학,invalid,-1.0,"부등식과 그 해의 뜻을 알고, 부등식의 성질을 설명할 수 있다.",INVALID
61,수학,invalid,-1.0,"선분의 내분과 외분을 이해하고, 내분점과 외분점의 좌표를 구할 수 있다.",INVALID
62,수학,invalid,-1.0,"점, 선, 면, 각을 이해하고, 실생활 상황과 연결하여 점, 직선, 평면의 위치 관계를 설명할 수 있다.",INVALID
63,수학,invalid,-1.0,"구체물이나 평면도형의 밀기, 뒤집기, 돌리기 활동을 통하여 그 변화를 이해한다.",INVALID
64,수학,invalid,-1.0,다항식의 곱셈과 인수분해를 할 수 있다.,INVALID
65,수학,invalid,-1.0,"명제와 조건의 뜻을 알고, ‘모든’, ‘어떤’을 포함한 명제를 이해하고 설명할 수 있다.",INVALID
66,수학,invalid,-1.0,"비율을 이해하고, 비율을 분수, 소수, 백분율로 나타낼 수 있다.",INVALID
67,수학,invalid,-1.0,이차함수의 그래프와 직선의 위치 관계를 판단할 수 있다.,INVALID
68,수학,invalid,-1.0,"순서쌍과 좌표를 이해하고, 그 편리함을 인식할 수 있다.",INVALID
69,수학,invalid,-1.0,좌표평면에서 원과 직선의 위치 관계를 이해한다.,INVALID
70,수학,invalid,-1.0,경우의 수를 구할 수 있다.,INVALID
71,영어,invalid,-1.0,말이나 글에 포함된 표현의 함축적 의미를 추론한다.,INVALID
72,영어,invalid,-1.0,"자신의 생각이나 의견, 감정, 감상 등을 표현한다.",INVALID
73,영어,invalid,-1.0,일상생활이나 친숙한 일반적 주제에 관하여 듣거나 읽고 세부 정보를 설명할 수 있다,INVALID
74,영어,invalid,-1.0,일상생활이나 친숙한 일반적 주제에 관해 자신의 의견이나 감정을 표현할 수 있다.,INVALID
75,영어,invalid,-1.0,일상생활이나 친숙한 일반적 주제에 관해 자신의 의견이나 감정을 표현할 수 있다.,INVALID
76,영어,invalid,-1.0,일상생활이나 친숙한 일반적 주제에 관한 정보를 묻고 답할 수 있다.,INVALID
77,영어,invalid,-1.0,일상생활이나 친숙한 일반적 주제에 관한 정보를 묻고 답할 수 있다.,INVALID
78,영어,invalid,-1.0,자기 주변 주제에 관한 담화의 주요 정보를 파악한다.,INVALID
79,영어,invalid,-1.0,"자신, 주변 사람이나 사물의 소개나 묘사를 쉽고 간단한 문장으로 말하거나 보고 쓴다.",INVALID
80,영어,invalid,-1.0,자기 주변 주제에 관한 담화의 주요 정보를 묻거나 답한다.,INVALID
81,영어,invalid,-1.0,"실물, 그림, 동작 등을 보고 간단한 단어, 어구, 문장으로 말하거나 쓴다.",INVALID
82,영어,invalid,-1.0,그림이나 도표에 대한 쉽고 짧은 글을 읽고 세부 정보를 파악할 수 있다.,INVALID
83,영어,invalid,-1.0,"단어, 어구, 문장을 듣고 연음이나 축약된 소리를 식별한다.",INVALID
84,영어,invalid,-1.0,"단어, 어구, 문장을 듣고 연음이나 축약된 소리를 식별한다.",INVALID
85,영어,invalid,-1.0,친숙한 주제에 관한 담화나 글에서 세부 정보를 파악한다.,INVALID
86,영어,invalid,-1.0,친숙한 주제에 관한 담화나 글에서 인물의 기분이나 감정을 추론한다.,INVALID
87,영어,invalid,-1.0,친숙한 주제에 관한 담화나 글에서 화자나 필자의 의도나 목적을 추론한다.,INVALID
88,영어,invalid,-1.0,적절한 전략을 활용하여 다양한 매체로 표현된 담화나 글을 듣거나 읽는다.,INVALID
89,영어,invalid,-1.0,적절한 전략을 활용하여 다양한 매체로 표현된 담화나 글을 듣거나 읽는다.,INVALID
90,영어,invalid,-1.0,"연음이나 축약된 소리를 활용하여 단어, 어구, 문장을 말한다.",INVALID
91,영어,invalid,-1.0,대상이나 인물의 감정을 묘사한다.,INVALID
92,영어,invalid,-1.0,대상이나 인물의 감정을 묘사한다.,INVALID
93,영어,invalid,-1.0,친숙한 주제에 관해 경험이나 계획을 설명한다.,INVALID
94,영어,invalid,-1.0,친숙한 주제에 관해 일이나 사건의 논리적 관계를 설명한다.,INVALID
95,영어,invalid,-1.0,친숙한 주제에 관해 자신의 의견을 주장한다.,INVALID
96,영어,invalid,-1.0,적절한 매체를 활용하여 정보 윤리를 준수하며 말하거나 쓴다.,INVALID
97,영어,invalid,-1.0,상대방을 배려하는 태도로 말하거나 쓴다.,INVALID
98,과학,invalid,-1.0,"탐구 활동 과정에서 지켜야 할 생명 존중, 연구 진실성, 지식 재산권 존중 등과 같은 연구 윤리와 함께 안전 사항을 준수할 수 있다.",INVALID
99,과학,invalid,-1.0,"탐구 활동 과정에서 지켜야 할 생명 존중, 연구 진실성, 지식 재산권 존중 등과 같은 연구 윤리와 함께 안전 사항을 준수할 수 있다.",INVALID
100,과학,invalid,-1.0,태양이 지구의 에너지원임을 이해하고 태양계를 구성하는 태양과 행성을 조사할 수 있다.,INVALID
101,과학,invalid,-1.0,"상대 습도, 단열 팽창 및 응결 현상의 관계를 이해하고, 구름의 생성과 강수 과정을 모형으로 표현할 수 있다.",INVALID
102,과학,invalid,-1.0,"일의 의미를 알고, 자유 낙하하는 물체의 운동에서 중력이 한 일을 위치 에너지와 운동 에너지로 표현할 수 있다.",INVALID
103,과학,invalid,-1.0,과학을 활용하여 우리 생활을 보다 편리하게 만드는 방안을 고안하고 그 유용성에 대해 토론할 수 있다.,INVALID
104,국어,invalid,-1.0,글을 쓰는 데 필요한 작문의 과정과 관습을 이해한다.,INVALID
105,국어,invalid,-1.0,자신의 경험을 개성적인 발상과 표현으로 형상화한다.,INVALID
106,국어,invalid,-1.0,단어의 짜임을 분석하고 새말이 만들어지는 원리를 이해한다.,INVALID
107,국어,invalid,-1.0,읽기 경험과 느낌을 다른 사람과 나누는 태도를 지닌다.,INVALID
108,국어,invalid,-1.0,"비판적 듣기의 기준인 신뢰성, 타당성, 공정성을 이해하고, 상대의 주장을 평가하며 듣는다.",INVALID
109,국어,invalid,-1.0,"읽기의 가치와 중요성을 깨닫고, 읽기를 생활화하려는 태도를 지닌다.",INVALID
110,국어,invalid,-1.0,"복합양식으로 구성된 글이나 자료의 내용 타당성과 신뢰성, 표현 방법의 적절성을 평가하며 읽는다.",INVALID
111,국어,invalid,-1.0,대화의 상황과 맥락을 이해하고 상대의 이야기에 공감하며 듣고 말한다.,INVALID
112,국어,invalid,-1.0,언어는 생각을 표현하며 다른 사람과 관계를 맺는 수단임을 이해하고 국어 생활을 한다.,INVALID
113,국어,invalid,-1.0,"운율, 비유, 상징의 특성과 효과에 유의하며 작품을 감상하고 창작한다.",INVALID
114,국어,invalid,-1.0,매체에 드러난 필자의 관점이나 표현 방법의 적절성을 평가하며 읽는다.,INVALID
115,국어,invalid,-1.0,듣기ㆍ말하기 과정을 점검하고 듣기ㆍ말하기의 어려움을 효과적으로 조정한다.,INVALID
116,국어,invalid,-1.0,"언어를 인간의 삶과 관련지어 이해하고, 국어와 국어생활이 시간의 흐름에 따라 변화 하는 양상을 분석한다.",INVALID
117,국어,invalid,-1.0,자신과 주변의 다양한 국어 실천 양상을 비판적으로 분석하여 언어와 자아 및 세계 사이의 관계를 인식한다.,INVALID
118,국어,invalid,-1.0,설득 전략을 비판적으로 분석하며 듣는다.,INVALID
119,국어,invalid,-1.0,"공식적인 상황에서 상대의 말을 정리하며 듣고, 자신의 의견을 조리 있게 말한다.",INVALID
120,국어,invalid,-1.0,도서관이나 인터넷에서 관련 자료를 찾아 참고하면서 한 편의 글을 읽는다.,INVALID
121,국어,invalid,-1.0,드러나지 않거나 생략된 내용을 추론하며 듣는다,INVALID
122,국어,invalid,-1.0,담화의 맥락에 적절한 어휘와 문법 요소를 선택하여 화자의 태도를 드러낸다.,INVALID
123,국어,invalid,-1.0,문제 상황과 관련된 다양한 관점의 글을 읽고 이를 문제 해결에 활용한다.,INVALID
124,국어,invalid,-1.0,자신의 삶과 관련지으며 글의 의미를 해석하고 독자의 정체성을 형성한다.,INVALID
125,국어,invalid,-1.0,동일한 화제를 다룬 여러 글이나 자료를 주제 통합적으로 읽는다.,INVALID
126,국어,invalid,-1.0,"매체 자료의 유형과 기능을 이해하고, 매체 자료를 효과적으로 활용하여 정보를 전달한다.",INVALID
127,국어,invalid,-1.0,대상의 특성에 맞는 설명 방법을 사용하여 글을 쓴다.,INVALID
128,국어,invalid,-1.0,문단과 글에서 중심 생각을 파악하고 내용을 간추린다.,INVALID
129,국어,invalid,-1.0,복합양식성을 고려하여 영상 매체 자료를 제작하고 공유한다.,INVALID
130,기술가정,invalid,-1.0,소비자의 안전을 위협하는 다양한 문제를 비판적으로 성찰하며 소비자 시민성을 반영한 소비생활을 실천한다.,INVALID
131,기술가정,invalid,-1.0,생활복지서비스와 일상생활에서 생성되는 빅데이터 적용의 의미를 파악하고 이를 활용하여 생활에 적용할 수 있는 새로운 복지 방안을 제안한다.,INVALID
132,기술가정,invalid,-1.0,"자기 이해를 기반으로 전 생애적 관점에서 진로 설계의 중요성을 인식하고, 자기 적성에 맞는 진로를 설계한다.",INVALID
133,기술가정,invalid,-1.0,효율적인 주거 공간 구성 방안을 탐색하여 자신의 생활에 적합한 주거 공간 구성에 활용한다.,INVALID
134,기술가정,invalid,-1.0,"가족의 건강과 환경을 고려한 식품 선택의 중요성을 이해하고, 식품을 안전하게 관리하고 보관하는 방법을 탐색하여 실생활에 활용한다.",INVALID
135,기술가정,invalid,-1.0,"가족의 건강과 환경을 고려한 식품 선택의 중요성을 이해하고, 식품을 안전하게 관리하고 보관하는 방법을 탐색하여 실생활에 활용한다.",INVALID
136,사회,invalid,-1.0,"옛날의 세시 풍속을 알아보고, 오늘날의 변화상을 탐색하여 공통점과 차이점을 분석한다.",INVALID
137,사회,invalid,-1.0,"대중 매체와 대중문화의 의미와 특징을 이해하고, 대중문화를 비판적으로 평가하는 태도를 가진다.",INVALID
138,사회,invalid,-1.0,"지중해성 기후와 서안 해양성 기후를 우리나라 기후와 비교하고, 이들 지역의 농업과 생활 모습을 조사한다.",INVALID
139,사회,invalid,-1.0,"해안 지형으로 유명한 세계적 관광지를 선정하여 그 지형의 형성 과정을 파악하고, 관광 산업이 현지에 미친 영향을 평가한다.",INVALID
140,사회,invalid,-1.0,"지도를 통하여 지구상의 다양한 지리적 문제를 확인하고, 그 현황과 원인을 조사한다.",INVALID
141,정보,invalid,-1.0,"유무선 네트워크의 특성을 이해하고, 컴퓨팅 시스템 간 공유, 협력, 소통을 위한 네트워크 환경을 구성한다.",INVALID
142,정보,invalid,-1.0,"유무선 네트워크의 특성을 이해하고, 컴퓨팅 시스템 간 공유, 협력, 소통을 위한 네트워크 환경을 구성한다.",INVALID
143,정보,invalid,-1.0,복잡한 문제를 해결 가능한 작은 문제로 분해하고 모델링한다.,INVALID
144,정보,invalid,-1.0,복잡한 문제를 해결 가능한 작은 문제로 분해하고 모델링한다.,INVALID
145,정보,invalid,-1.0,"자료형의 종류와 특성을 알고, 적합한 자료형을 선택하여 프로그램을 작성한다.",INVALID
146,정보,invalid,-1.0,정보과학 분야의 직업과 진로를 탐색한다,INVALID
147,정보,invalid,-1.0,사이버 공간에서 발생하는 사회적 문제를 예방하기 위한 제도를 이해하고 사이버 윤리를 실천한다.,INVALID
148,정보,invalid,-1.0,"복잡한 문제 상황에서 문제의 현재 상태, 목표 상태를 이 해하고 목표 상태에 도달하기 위해 수행해야 할 작업을 분석한다.",INVALID
149,정보,invalid,-1.0,"복잡한 문제 상황에서 문제의 현재 상태, 목표 상태를 이 해하고 목표 상태에 도달하기 위해 수행해야 할 작업을 분석한다.",INVALID
150,정보,invalid,-1.0,복잡한 문제 상황에서 문제 해결에 불필요한 요소를 제거하 거나 필요한 요소를 추출한다.,INVALID
151,정보,invalid,-1.0,텍스트 기반 프로그래밍 언어의 개발 환경 및 특성을 이해 한다.,INVALID
152,정보,invalid,-1.0,표준입출력과 파일입출력을 활용한 프로그램을 작성한다.,INVALID
153,정보,invalid,-1.0,다양한 학문 분야의 문제 해결을 위한 알고리즘을 협력하여 설계한다.,INVALID
154,정보,invalid,-1.0,다양한 학문 분야의 문제 해결을 위해 설계한 알고리즘을 프로그램으로 구현하고 효율성을 비교·분석한다.,INVALID
155,정보,invalid,-1.0,운영체제의 개념과 기능을 이해하고 운영체제를 활용하 여 컴퓨팅 시스템의 자원을 효율적으로 관리한다.,INVALID
156,정보,invalid,-1.0,피지컬 컴퓨팅 장치의 동작을 제어하기 위한 프로그램을 작성한다.,INVALID
157,정보,invalid,-1.0,"컴퓨팅 시스템의 구성요소와 동작 원리를 이해하고, 운영 체제의 기능을 분석한다.",INVALID
158,정보,invalid,-1.0,"컴퓨팅 시스템의 구성요소와 동작 원리를 이해하고, 운영 체제의 기능을 분석한다.",INVALID
159,정보,invalid,-1.0,"피지컬 컴퓨팅의 개념을 이해하고, 생활 속에서 적용된 사례 조사를 통해 컴퓨팅 시스템의 필요성과 가치를 판단한다.",INVALID
160,정보,invalid,-1.0,문제 해결 목적에 맞는 피지컬 컴퓨팅 구성요소를 선택하여 시스템을 구상한다.,INVALID
161,정보,invalid,-1.0,문제 해결 목적에 맞는 피지컬 컴퓨팅 구성요소를 선택하여 시스템을 구상한다.,INVALID
162,정보,invalid,-1.0,문제 해결 목적에 맞는 피지컬 컴퓨팅 구성요소를 선택하여 시스템을 구상한다.,INVALID
163,정보,invalid,-1.0,"실생활의 데이터가 디지털 형태로 변환되어 활용되는 긍정적 가치를 탐색하고, 다양한 데이터를 디지털 형태로 표현한다.",INVALID
164,정보,invalid,-1.0,"문제 해결에 적합한 데이터를 수집하고, 목적에 맞게 구분하여 관리한다.",INVALID
165,정보,invalid,-1.0,"문제 해결에 적합한 데이터를 수집하고, 목적에 맞게 구분하여 관리한다.",INVALID
166,정보,invalid,-1.0,"실생활의 데이터를 표, 다이어그램 등 다양한 형태로 구조화한다.",INVALID
167,정보,invalid,-1.0,"실생활의 데이터를 표, 다이어그램 등 다양한 형태로 구조화한다.",INVALID
168,정보,invalid,-1.0,"실생활의 데이터를 표, 다이어그램 등 다양한 형태로 구조화한다.",INVALID
169,정보,invalid,-1.0,여러 학문 분야의 사례를 중심으로 데이터를 수집 분석하여 융합적으로 문제를 해결한다.,INVALID
170,정보,invalid,-1.0,여러 학문 분야의 사례를 중심으로 데이터를 수집 분석하여 융합적으로 문제를 해결한다.,INVALID
171,정보,invalid,-1.0,문제의 상태를 정의하고 수행 가능한 형태로 구조화한다.,INVALID
172,정보,invalid,-1.0,문제의 상태를 정의하고 수행 가능한 형태로 구조화한다.,INVALID
173,정보,invalid,-1.0,"문제 해결을 위한 추상화의 중요성을 이해하고, 핵심요소를 중심으로 알고리즘을 표현한다.",INVALID
174,정보,invalid,-1.0,"알고리즘의 중요성을 이해하고, 문제를 해결하는 다양한 알고리즘을 비교 분석한다.",INVALID
175,정보,invalid,-1.0,사례를 중심으로 문제 해결에 적합한 전략을 선택하여 알고리즘을 설계한다.,INVALID
176,정보,invalid,-1.0,"인공지능 학습에서 데이터의 중요성을 이해하고, 학습에 필요한 데이터를 수집하여 분류한다.",INVALID
177,정보,invalid,-1.0,다양한 데이터를 활용하여 인공지능 시스템을 구성하고 적용한다.,INVALID
178,정보,invalid,-1.0,다양한 데이터를 활용하여 인공지능 시스템을 구성하고 적용한다.,INVALID
179,정보,invalid,-1.0,다양한 데이터를 활용하여 인공지능 시스템을 구성하고 적용한다.,INVALID
180,정보,invalid,-1.0,"인공지능 시스템으로 해결 가능한 문제를 발견하고, 문제 해결에 적합한 인공지능 시스템을 적용한다.",INVALID
181,정보,invalid,-1.0,인공지능 학습에 필요한 데이터의 수집과 활용에서 발생하는 윤리적인 문제의 해결 방안을 구상한다.,INVALID
182,정보,invalid,-1.0,인공지능 학습에 필요한 데이터의 수집과 활용에서 발생하는 윤리적인 문제의 해결 방안을 구상한다.,INVALID
183,정보,invalid,-1.0,"디지털 사회의 특성을 탐구하고, 사회 변화에 따른 직업의 변화를 탐구한다.",INVALID
184,정보,invalid,-1.0,디지털 사회의 구성원으로서 편리하고 안전한 생활을 위한 규칙에 대해 민주적으로 논의하고 실천 방안을 수립한다.,INVALID
185,도덕,exact,0.5890413522720337,"자신의 삶과 가치관에 대한 성찰을 통해 자아를 올바로 이해하고, 삶에서 도덕이 필요한 이유에 근거하여 도덕적인 삶에 대한 의지를 기른다.","정서적, 배려적 공동체로서 가정의 특성과 도덕적 기능을 파악하고, 가정에서 발생하는 갈등을 공감적인 소통과 민주적인 과정을 통해 해소하는 의지를 기른다."
186,도덕,exact,0.6751003265380859,"자신의 삶과 가치관에 대한 성찰을 통해 자아를 올바로 이해하고, 삶에서 도덕이 필요한 이유에 근거하여 도덕적인 삶에 대한 의지를 기른다.","옳고 그름을 분별할 수 있는 도덕적 기준을 탐구하고, 도덕적 상상력을 바탕으로 일상의 도덕 문제들에 도덕적 추론을 적용할 수 있다."
187,도덕,exact,0.5890413522720337,"자신의 삶과 가치관에 대한 성찰을 통해 자아를 올바로 이해하고, 삶에서 도덕이 필요한 이유에 근거하여 도덕적인 삶에 대한 의지를 기른다.","정서적, 배려적 공동체로서 가정의 특성과 도덕적 기능을 파악하고, 가정에서 발생하는 갈등을 공감적인 소통과 민주적인 과정을 통해 해소하는 의지를 기른다."
188,도덕,exact,0.8028135299682617,"자신의 삶과 가치관에 대한 성찰을 통해 자아를 올바로 이해하고, 삶에서 도덕이 필요한 이유에 근거하여 도덕적인 삶에 대한 의지를 기른다.","일상에서 발생하는 부도덕한 행동의 여러 원인을 분석하고, 도덕적 인격이 갖추어야 할 특성들을 파악하여 이를 내면화하는 의지를 기른다."
189,도덕,exact,0.8028135299682617,"자신의 삶과 가치관에 대한 성찰을 통해 자아를 올바로 이해하고, 삶에서 도덕이 필요한 이유에 근거하여 도덕적인 삶에 대한 의지를 기른다.","일상에서 발생하는 부도덕한 행동의 여러 원인을 분석하고, 도덕적 인격이 갖추어야 할 특성들을 파악하여 이를 내면화하는 의지를 기른다."
190,도덕,exact,0.6886794567108154,"일상에서 발생하는 부도덕한 행동의 여러 원인을 분석하고, 도덕적 인격이 갖추어야 할 특성들을 파악하여 이를 내면화하는 의지를 기른다.","옳고 그름을 분별할 수 있는 도덕적 기준을 탐구하고, 도덕적 상상력을 바탕으로 일상의 도덕 문제들에 도덕적 추론을 적용할 수 있다."
191,도덕,exact,0.6886794567108154,"일상에서 발생하는 부도덕한 행동의 여러 원인을 분석하고, 도덕적 인격이 갖추어야 할 특성들을 파악하여 이를 내면화하는 의지를 기른다.","옳고 그름을 분별할 수 있는 도덕적 기준을 탐구하고, 도덕적 상상력을 바탕으로 일상의 도덕 문제들에 도덕적 추론을 적용할 수 있다."
192,도덕,exact,0.6886794567108154,"일상에서 발생하는 부도덕한 행동의 여러 원인을 분석하고, 도덕적 인격이 갖추어야 할 특성들을 파악하여 이를 내면화하는 의지를 기른다.","옳고 그름을 분별할 수 있는 도덕적 기준을 탐구하고, 도덕적 상상력을 바탕으로 일상의 도덕 문제들에 도덕적 추론을 적용할 수 있다."
193,도덕,exact,0.8028135299682617,"일상에서 발생하는 부도덕한 행동의 여러 원인을 분석하고, 도덕적 인격이 갖추어야 할 특성들을 파악하여 이를 내면화하는 의지를 기른다.","자신의 삶과 가치관에 대한 성찰을 통해 자아를 올바로 이해하고, 삶에서 도덕이 필요한 이유에 근거하여 도덕적인 삶에 대한 의지를 기른다."
194,도덕,exact,0.8028135299682617,"일상에서 발생하는 부도덕한 행동의 여러 원인을 분석하고, 도덕적 인격이 갖추어야 할 특성들을 파악하여 이를 내면화하는 의지를 기른다.","자신의 삶과 가치관에 대한 성찰을 통해 자아를 올바로 이해하고, 삶에서 도덕이 필요한 이유에 근거하여 도덕적인 삶에 대한 의지를 기른다."
195,도덕,exact,0.4984970688819885,"일상에서 발생하는 부도덕한 행동의 여러 원인을 분석하고, 도덕적 인격이 갖추어야 할 특성들을 파악하여 이를 내면화하는 의지를 기른다.","친구의 의미와 가치를 삶의 맥락 속에서 탐구하고, 서로를 인격적으로 존중하는 친구 관계를 상상하며 이를 실현하는 의지를 기른다."
196,도덕,exact,0.6886794567108154,"일상에서 발생하는 부도덕한 행동의 여러 원인을 분석하고, 도덕적 인격이 갖추어야 할 특성들을 파악하여 이를 내면화하는 의지를 기른다.","옳고 그름을 분별할 수 있는 도덕적 기준을 탐구하고, 도덕적 상상력을 바탕으로 일상의 도덕 문제들에 도덕적 추론을 적용할 수 있다."
197,도덕,exact,0.6886794567108154,"일상에서 발생하는 부도덕한 행동의 여러 원인을 분석하고, 도덕적 인격이 갖추어야 할 특성들을 파악하여 이를 내면화하는 의지를 기른다.","옳고 그름을 분별할 수 있는 도덕적 기준을 탐구하고, 도덕적 상상력을 바탕으로 일상의 도덕 문제들에 도덕적 추론을 적용할 수 있다."
198,도덕,exact,0.5176556706428528,"행복에 관한 심리적, 사회적, 윤리적 접근 등을 통해 행복의 의미를 종합적으로 파악하고, 삶의 목적과 행복의 관계를 정립할 수 있다.","친구의 의미와 가치를 삶의 맥락 속에서 탐구하고, 서로를 인격적으로 존중하는 친구 관계를 상상하며 이를 실현하는 의지를 기른다."
199,도덕,exact,0.5177793502807617,"행복에 관한 심리적, 사회적, 윤리적 접근 등을 통해 행복의 의미를 종합적으로 파악하고, 삶의 목적과 행복의 관계를 정립할 수 있다.","삶의 유한함에 관한 성찰을 통해 생명의 소중함과 의미 있는 삶의 중요성을 인식하고, 자신의 미래 모습을 상상하며 삶을 계획하고 이를 실천하는 의지를 기른다."
200,도덕,exact,0.5826297998428345,"행복에 관한 심리적, 사회적, 윤리적 접근 등을 통해 행복의 의미를 종합적으로 파악하고, 삶의 목적과 행복의 관계를 정립할 수 있다.","자신의 삶과 가치관에 대한 성찰을 통해 자아를 올바로 이해하고, 삶에서 도덕이 필요한 이유에 근거하여 도덕적인 삶에 대한 의지를 기른다."
201,도덕,exact,0.4673399329185486,"행복에 관한 심리적, 사회적, 윤리적 접근 등을 통해 행복의 의미를 종합적으로 파악하고, 삶의 목적과 행복의 관계를 정립할 수 있다.","일상에서 발생하는 부도덕한 행동의 여러 원인을 분석하고, 도덕적 인격이 갖추어야 할 특성들을 파악하여 이를 내면화하는 의지를 기른다."
202,도덕,exact,0.5176556706428528,"행복에 관한 심리적, 사회적, 윤리적 접근 등을 통해 행복의 의미를 종합적으로 파악하고, 삶의 목적과 행복의 관계를 정립할 수 있다.","친구의 의미와 가치를 삶의 맥락 속에서 탐구하고, 서로를 인격적으로 존중하는 친구 관계를 상상하며 이를 실현하는 의지를 기른다."
203,도덕,exact,0.6886794567108154,"옳고 그름을 분별할 수 있는 도덕적 기준을 탐구하고, 도덕적 상상력을 바탕으로 일상의 도덕 문제들에 도덕적 추론을 적용할 수 있다.","일상에서 발생하는 부도덕한 행동의 여러 원인을 분석하고, 도덕적 인격이 갖추어야 할 특성들을 파악하여 이를 내면화하는 의지를 기른다."
204,도덕,exact,0.6886794567108154,"옳고 그름을 분별할 수 있는 도덕적 기준을 탐구하고, 도덕적 상상력을 바탕으로 일상의 도덕 문제들에 도덕적 추론을 적용할 수 있다.","일상에서 발생하는 부도덕한 행동의 여러 원인을 분석하고, 도덕적 인격이 갖추어야 할 특성들을 파악하여 이를 내면화하는 의지를 기른다."
205,도덕,exact,0.40494123101234436,"옳고 그름을 분별할 수 있는 도덕적 기준을 탐구하고, 도덕적 상상력을 바탕으로 일상의 도덕 문제들에 도덕적 추론을 적용할 수 있다.","삶의 유한함에 관한 성찰을 통해 생명의 소중함과 의미 있는 삶의 중요성을 인식하고, 자신의 미래 모습을 상상하며 삶을 계획하고 이를 실천하는 의지를 기른다."
206,도덕,exact,0.6886794567108154,"옳고 그름을 분별할 수 있는 도덕적 기준을 탐구하고, 도덕적 상상력을 바탕으로 일상의 도덕 문제들에 도덕적 추론을 적용할 수 있다.","일상에서 발생하는 부도덕한 행동의 여러 원인을 분석하고, 도덕적 인격이 갖추어야 할 특성들을 파악하여 이를 내면화하는 의지를 기른다."
207,도덕,exact,0.529847264289856,"삶의 유한함에 관한 성찰을 통해 생명의 소중함과 의미 있는 삶의 중요성을 인식하고, 자신의 미래 모습을 상상하며 삶을 계획하고 이를 실천하는 의지를 기른다.","친구의 의미와 가치를 삶의 맥락 속에서 탐구하고, 서로를 인격적으로 존중하는 친구 관계를 상상하며 이를 실현하는 의지를 기른다."
208,도덕,exact,0.33030426502227783,"삶의 유한함에 관한 성찰을 통해 생명의 소중함과 의미 있는 삶의 중요성을 인식하고, 자신의 미래 모습을 상상하며 삶을 계획하고 이를 실천하는 의지를 기른다.","정의로운 사회를 상상해보고, 이를 실현할 수 있는 정의의 원칙과 제도에 대한 다양한 의견들을 민주적인 방식으로 종합할 수 있다."
209,도덕,exact,0.41776055097579956,"삶의 유한함에 관한 성찰을 통해 생명의 소중함과 의미 있는 삶의 중요성을 인식하고, 자신의 미래 모습을 상상하며 삶을 계획하고 이를 실천하는 의지를 기른다.","가상공간과 현실 세계에 대한 비교⋅분석을 바탕으로 가상공간에서 발생하는 도덕 문제들의 원인과 해결 방안을 제안하고, 타인을 존중하며 가상공간을 활용하는 태도를 함양한다."
210,도덕,exact,0.5850715041160583,"정서적, 배려적 공동체로서 가정의 특성과 도덕적 기능을 파악하고, 가정에서 발생하는 갈등을 공감적인 소통과 민주적인 과정을 통해 해소하는 의지를 기른다.","가상공간과 현실 세계에 대한 비교⋅분석을 바탕으로 가상공간에서 발생하는 도덕 문제들의 원인과 해결 방안을 제안하고, 타인을 존중하며 가상공간을 활용하는 태도를 함양한다."
211,도덕,exact,0.510173499584198,"가상공간과 현실 세계에 대한 비교⋅분석을 바탕으로 가상공간에서 발생하는 도덕 문제들의 원인과 해결 방안을 제안하고, 타인을 존중하며 가상공간을 활용하는 태도를 함양한다.","친구의 의미와 가치를 삶의 맥락 속에서 탐구하고, 서로를 인격적으로 존중하는 친구 관계를 상상하며 이를 실현하는 의지를 기른다."
212,도덕,exact,0.510173499584198,"가상공간과 현실 세계에 대한 비교⋅분석을 바탕으로 가상공간에서 발생하는 도덕 문제들의 원인과 해결 방안을 제안하고, 타인을 존중하며 가상공간을 활용하는 태도를 함양한다.","친구의 의미와 가치를 삶의 맥락 속에서 탐구하고, 서로를 인격적으로 존중하는 친구 관계를 상상하며 이를 실현하는 의지를 기른다."
213,도덕,exact,0.510173499584198,"가상공간과 현실 세계에 대한 비교⋅분석을 바탕으로 가상공간에서 발생하는 도덕 문제들의 원인과 해결 방안을 제안하고, 타인을 존중하며 가상공간을 활용하는 태도를 함양한다.","친구의 의미와 가치를 삶의 맥락 속에서 탐구하고, 서로를 인격적으로 존중하는 친구 관계를 상상하며 이를 실현하는 의지를 기른다."
214,도덕,exact,0.510173499584198,"가상공간과 현실 세계에 대한 비교⋅분석을 바탕으로 가상공간에서 발생하는 도덕 문제들의 원인과 해결 방안을 제안하고, 타인을 존중하며 가상공간을 활용하는 태도를 함양한다.","친구의 의미와 가치를 삶의 맥락 속에서 탐구하고, 서로를 인격적으로 존중하는 친구 관계를 상상하며 이를 실현하는 의지를 기른다."
215,도덕,exact,0.5767664313316345,"이웃의 종류를 구분해 보고, 공동체 속에서 이웃을 배려하고 봉사하기 위해 타인의 관점을 채택해 보고, 이를 실천하기 위한 구체적인 방법을 제시할 수 있다.","친구의 의미와 가치를 삶의 맥락 속에서 탐구하고, 서로를 인격적으로 존중하는 친구 관계를 상상하며 이를 실현하는 의지를 기른다."
216,도덕,exact,0.5767664313316345,"이웃의 종류를 구분해 보고, 공동체 속에서 이웃을 배려하고 봉사하기 위해 타인의 관점을 채택해 보고, 이를 실천하기 위한 구체적인 방법을 제시할 수 있다.","친구의 의미와 가치를 삶의 맥락 속에서 탐구하고, 서로를 인격적으로 존중하는 친구 관계를 상상하며 이를 실현하는 의지를 기른다."
217,도덕,exact,0.6049091219902039,"이웃의 종류를 구분해 보고, 공동체 속에서 이웃을 배려하고 봉사하기 위해 타인의 관점을 채택해 보고, 이를 실천하기 위한 구체적인 방법을 제시할 수 있다.","가상공간과 현실 세계에 대한 비교⋅분석을 바탕으로 가상공간에서 발생하는 도덕 문제들의 원인과 해결 방안을 제안하고, 타인을 존중하며 가상공간을 활용하는 태도를 함양한다."
218,도덕,exact,0.5767664313316345,"이웃의 종류를 구분해 보고, 공동체 속에서 이웃을 배려하고 봉사하기 위해 타인의 관점을 채택해 보고, 이를 실천하기 위한 구체적인 방법을 제시할 수 있다.","친구의 의미와 가치를 삶의 맥락 속에서 탐구하고, 서로를 인격적으로 존중하는 친구 관계를 상상하며 이를 실현하는 의지를 기른다."
219,도덕,exact,0.5767664313316345,"이웃의 종류를 구분해 보고, 공동체 속에서 이웃을 배려하고 봉사하기 위해 타인의 관점을 채택해 보고, 이를 실천하기 위한 구체적인 방법을 제시할 수 있다.","친구의 의미와 가치를 삶의 맥락 속에서 탐구하고, 서로를 인격적으로 존중하는 친구 관계를 상상하며 이를 실현하는 의지를 기른다."
220,도덕,exact,0.5429299473762512,"다양한 갈등 상황을 평화적으로 해결할 수 있는 방안을 모색하고, 폭력의 유형과 원인, 결과에 대한 분석을 바탕으로 일상의 폭력 상황에 대한 대처 능력을 기른다.","옳고 그름을 분별할 수 있는 도덕적 기준을 탐구하고, 도덕적 상상력을 바탕으로 일상의 도덕 문제들에 도덕적 추론을 적용할 수 있다."
221,도덕,exact,0.5941522717475891,"다양한 갈등 상황을 평화적으로 해결할 수 있는 방안을 모색하고, 폭력의 유형과 원인, 결과에 대한 분석을 바탕으로 일상의 폭력 상황에 대한 대처 능력을 기른다.","가상공간과 현실 세계에 대한 비교⋅분석을 바탕으로 가상공간에서 발생하는 도덕 문제들의 원인과 해결 방안을 제안하고, 타인을 존중하며 가상공간을 활용하는 태도를 함양한다."
222,도덕,exact,0.6006836891174316,"다양한 갈등 상황을 평화적으로 해결할 수 있는 방안을 모색하고, 폭력의 유형과 원인, 결과에 대한 분석을 바탕으로 일상의 폭력 상황에 대한 대처 능력을 기른다.","정서적, 배려적 공동체로서 가정의 특성과 도덕적 기능을 파악하고, 가정에서 발생하는 갈등을 공감적인 소통과 민주적인 과정을 통해 해소하는 의지를 기른다."
223,도덕,exact,0.4107733368873596,"다양한 갈등 상황을 평화적으로 해결할 수 있는 방안을 모색하고, 폭력의 유형과 원인, 결과에 대한 분석을 바탕으로 일상의 폭력 상황에 대한 대처 능력을 기른다.","친구의 의미와 가치를 삶의 맥락 속에서 탐구하고, 서로를 인격적으로 존중하는 친구 관계를 상상하며 이를 실현하는 의지를 기른다."
224,도덕,exact,0.4545905590057373,"청소년기의 바람직한 성윤리를 탐구하여 내면화하고, 사회⋅문화적 차원에서 성의 의미를 파악하여 성에 대한 편견의 문제점을 분석하고 이를 바로잡는 의지를 기른다.","이웃의 종류를 구분해 보고, 공동체 속에서 이웃을 배려하고 봉사하기 위해 타인의 관점을 채택해 보고, 이를 실천하기 위한 구체적인 방법을 제시할 수 있다."
225,도덕,exact,0.49356403946876526,"청소년기의 바람직한 성윤리를 탐구하여 내면화하고, 사회⋅문화적 차원에서 성의 의미를 파악하여 성에 대한 편견의 문제점을 분석하고 이를 바로잡는 의지를 기른다.","친구의 의미와 가치를 삶의 맥락 속에서 탐구하고, 서로를 인격적으로 존중하는 친구 관계를 상상하며 이를 실현하는 의지를 기른다."
226,도덕,exact,0.686499834060669,"청소년기의 바람직한 성윤리를 탐구하여 내면화하고, 사회⋅문화적 차원에서 성의 의미를 파악하여 성에 대한 편견의 문제점을 분석하고 이를 바로잡는 의지를 기른다.","자신의 삶과 가치관에 대한 성찰을 통해 자아를 올바로 이해하고, 삶에서 도덕이 필요한 이유에 근거하여 도덕적인 삶에 대한 의지를 기른다."
227,도덕,exact,0.49356403946876526,"청소년기의 바람직한 성윤리를 탐구하여 내면화하고, 사회⋅문화적 차원에서 성의 의미를 파악하여 성에 대한 편견의 문제점을 분석하고 이를 바로잡는 의지를 기른다.","친구의 의미와 가치를 삶의 맥락 속에서 탐구하고, 서로를 인격적으로 존중하는 친구 관계를 상상하며 이를 실현하는 의지를 기른다."
228,도덕,exact,0.49356403946876526,"청소년기의 바람직한 성윤리를 탐구하여 내면화하고, 사회⋅문화적 차원에서 성의 의미를 파악하여 성에 대한 편견의 문제점을 분석하고 이를 바로잡는 의지를 기른다.","친구의 의미와 가치를 삶의 맥락 속에서 탐구하고, 서로를 인격적으로 존중하는 친구 관계를 상상하며 이를 실현하는 의지를 기른다."
229,도덕,exact,0.4771874248981476,"청소년기의 바람직한 성윤리를 탐구하여 내면화하고, 사회⋅문화적 차원에서 성의 의미를 파악하여 성에 대한 편견의 문제점을 분석하고 이를 바로잡는 의지를 기른다.","가상공간과 현실 세계에 대한 비교⋅분석을 바탕으로 가상공간에서 발생하는 도덕 문제들의 원인과 해결 방안을 제안하고, 타인을 존중하며 가상공간을 활용하는 태도를 함양한다."
230,도덕,exact,0.5409806966781616,"폭력의 결과를 상상해 보고 그것에 내재한 비도덕성을 지적할 수 있고, 일상생활에서 일어나는 폭력 상황에 민감하게 반응하고 대처하는 능력을 가질 수 있다.","가상공간과 현실 세계에 대한 비교⋅분석을 바탕으로 가상공간에서 발생하는 도덕 문제들의 원인과 해결 방안을 제안하고, 타인을 존중하며 가상공간을 활용하는 태도를 함양한다."
231,도덕,exact,0.3491181433200836,"폭력의 결과를 상상해 보고 그것에 내재한 비도덕성을 지적할 수 있고, 일상생활에서 일어나는 폭력 상황에 민감하게 반응하고 대처하는 능력을 가질 수 있다.","친구의 의미와 가치를 삶의 맥락 속에서 탐구하고, 서로를 인격적으로 존중하는 친구 관계를 상상하며 이를 실현하는 의지를 기른다."
232,도덕,exact,0.46617040038108826,"폭력의 결과를 상상해 보고 그것에 내재한 비도덕성을 지적할 수 있고, 일상생활에서 일어나는 폭력 상황에 민감하게 반응하고 대처하는 능력을 가질 수 있다.","정서적, 배려적 공동체로서 가정의 특성과 도덕적 기능을 파악하고, 가정에서 발생하는 갈등을 공감적인 소통과 민주적인 과정을 통해 해소하는 의지를 기른다."
233,도덕,exact,0.7637730240821838,"폭력의 결과를 상상해 보고 그것에 내재한 비도덕성을 지적할 수 있고, 일상생활에서 일어나는 폭력 상황에 민감하게 반응하고 대처하는 능력을 가질 수 있다.","다양한 갈등 상황을 평화적으로 해결할 수 있는 방안을 모색하고, 폭력의 유형과 원인, 결과에 대한 분석을 바탕으로 일상의 폭력 상황에 대한 대처 능력을 기른다."
234,도덕,exact,0.5409806966781616,"폭력의 결과를 상상해 보고 그것에 내재한 비도덕성을 지적할 수 있고, 일상생활에서 일어나는 폭력 상황에 민감하게 반응하고 대처하는 능력을 가질 수 있다.","가상공간과 현실 세계에 대한 비교⋅분석을 바탕으로 가상공간에서 발생하는 도덕 문제들의 원인과 해결 방안을 제안하고, 타인을 존중하며 가상공간을 활용하는 태도를 함양한다."
235,도덕,exact,0.7637730240821838,"폭력의 결과를 상상해 보고 그것에 내재한 비도덕성을 지적할 수 있고, 일상생활에서 일어나는 폭력 상황에 민감하게 반응하고 대처하는 능력을 가질 수 있다.","다양한 갈등 상황을 평화적으로 해결할 수 있는 방안을 모색하고, 폭력의 유형과 원인, 결과에 대한 분석을 바탕으로 일상의 폭력 상황에 대한 대처 능력을 기른다."
236,도덕,exact,0.5409806966781616,"폭력의 결과를 상상해 보고 그것에 내재한 비도덕성을 지적할 수 있고, 일상생활에서 일어나는 폭력 상황에 민감하게 반응하고 대처하는 능력을 가질 수 있다.","가상공간과 현실 세계에 대한 비교⋅분석을 바탕으로 가상공간에서 발생하는 도덕 문제들의 원인과 해결 방안을 제안하고, 타인을 존중하며 가상공간을 활용하는 태도를 함양한다."
237,도덕,exact,0.4523090720176697,"북한에 대한 이해를 바탕으로 분단의 문제점을 분석하고, 도덕적 가치에 기초하여 통일의 의미를 재구성함으로써 바람직한 남북관계 및 통일의 방향을 제안할 수 있다.","현대 과학기술과 관련된 윤리적 쟁점의 분석을 통해 과학기술의 유용성과 한계를 인식하고, 과학기술의 바람직한 활용에 관한 관심과 책임 의식을 기른다."
238,도덕,exact,0.6569370031356812,"국가와 시민 사이에서 발생하는 윤리적 쟁점들을 탐구하고, 국가와 시민 사이의 바람직한 관계에 기초하여 국가와 시민의 역할을 재구성할 수 있다.","정의로운 사회를 상상해보고, 이를 실현할 수 있는 정의의 원칙과 제도에 대한 다양한 의견들을 민주적인 방식으로 종합할 수 있다."
239,도덕,exact,0.49530816078186035,"인류의 고통에 공감하며 지구적 차원의 다양한 도덕 문제들을 탐구하고, 해결 방안을 모색하여 실천하는 자세를 갖는다.","외집단에 대한 편견을 비판적으로 분석하고, 타문화⋅타종교⋅타인종을 존중해야 하는 이유에 근거하여 차이와 다양성에 대한 열린 마음을 기른다."
240,도덕,exact,0.5782984495162964,"현대 과학기술과 관련된 윤리적 쟁점의 분석을 통해 과학기술의 유용성과 한계를 인식하고, 과학기술의 바람직한 활용에 관한 관심과 책임 의식을 기른다.","인류의 고통에 공감하며 지구적 차원의 다양한 도덕 문제들을 탐구하고, 해결 방안을 모색하여 실천하는 자세를 갖는다."
241,도덕,exact,0.6105048656463623,"현대 과학기술과 관련된 윤리적 쟁점의 분석을 통해 과학기술의 유용성과 한계를 인식하고, 과학기술의 바람직한 활용에 관한 관심과 책임 의식을 기른다.","인권을 존중해야 하는 도덕적 이유를 정당화하고, 인권 침해 사례에 대한 탐구를 통해 그 원인과 해결 방안을 도출함으로써 인권 감수성을 기른다."
242,도덕,exact,0.5048648715019226,"과학 기술이 현대인의 삶에 미치는 긍정적인 영향과 가치를 설명하고, 동시에 과학 기술이 지닌 문제점과 한계를 열거하며, 과학 기술의 바람직한 활용 방안을 제시할 수 있다.","가상공간과 현실 세계에 대한 비교⋅분석을 바탕으로 가상공간에서 발생하는 도덕 문제들의 원인과 해결 방안을 제안하고, 타인을 존중하며 가상공간을 활용하는 태도를 함양한다."
243,도덕,exact,0.7154678106307983,삶과 죽음의 문제를 도덕적으로 성찰하고 평정심을 추구하며 자신의 삶의 의미를 구성할 수 있다.,"삶의 유한함에 관한 성찰을 통해 생명의 소중함과 의미 있는 삶의 중요성을 인식하고, 자신의 미래 모습을 상상하며 삶을 계획하고 이를 실천하는 의지를 기른다."
244,사회문화,exact,0.7622395157814026,"사회현상의 탐구를 위해 사회현상의 특징에 대한 이해와 사회학적 상상력이 필요함을 인식하고, 사회현상에 대한 다양한 관점을 비교한다.","사회 변동이 다양한 요인의 복합적인 상호 작용의 산물이라는 점을 설명하고, 현대 사회의 변동 과정에서 나타나는 다양한 사회 운동의 유형과 특징을 탐구한다."
245,사회문화,exact,0.5478367805480957,"사회현상의 탐구를 위해 사회현상의 특징에 대한 이해와 사회학적 상상력이 필요함을 인식하고, 사회현상에 대한 다양한 관점을 비교한다.",저출산·고령화와 다문화적 변화로 인해 대두되는 과제를 제시하고 이에 대한 대응 방안을 모색한다.
246,사회문화,exact,0.635138213634491,"사회현상의 탐구를 위해 사회현상의 특징에 대한 이해와 사회학적 상상력이 필요함을 인식하고, 사회현상에 대한 다양한 관점을 비교한다.","하위문화와 주류 문화의 관계에 대한 이해를 바탕으로 다문화 사회의 이주민 문화에 대한 서로 다른 관점을 비교하고, 이주민 문화가 갖는 의의에 기초하여 문화 다양성을 증진하기 위한 방안을 제시한다."
247,사회문화,exact,0.5236201286315918,"] 사회현상의 탐구에서 발생하는 연구자의 가치 개입 및 연구 윤리 관련 쟁점을 토론하고, 연구 윤리를 준수하며 사회현상에 대한 탐구를 수행한다.","하위문화와 주류 문화의 관계에 대한 이해를 바탕으로 다문화 사회의 이주민 문화에 대한 서로 다른 관점을 비교하고, 이주민 문화가 갖는 의의에 기초하여 문화 다양성을 증진하기 위한 방안을 제시한다."
248,사회문화,exact,0.6031484603881836,사회 집단 및 사회 조직의 유형과 변화 양상에 대한 이해를 바탕으로 사회 집단 및 사회 조직이 개인의 사회생활과 사회적 관계에 미치는 영향을 설명한다.,"하위문화와 주류 문화의 관계에 대한 이해를 바탕으로 다문화 사회의 이주민 문화에 대한 서로 다른 관점을 비교하고, 이주민 문화가 갖는 의의에 기초하여 문화 다양성을 증진하기 위한 방안을 제시한다."
249,사회문화,exact,0.8155667781829834,사회 집단 및 사회 조직의 유형과 변화 양상에 대한 이해를 바탕으로 사회 집단 및 사회 조직이 개인의 사회생활과 사회적 관계에 미치는 영향을 설명한다.,"사회 변동이 다양한 요인의 복합적인 상호 작용의 산물이라는 점을 설명하고, 현대 사회의 변동 과정에서 나타나는 다양한 사회 운동의 유형과 특징을 탐구한다."
250,사회문화,exact,0.709499180316925,사회 집단 및 사회 조직의 유형과 변화 양상에 대한 이해를 바탕으로 사회 집단 및 사회 조직이 개인의 사회생활과 사회적 관계에 미치는 영향을 설명한다.,"사회현상의 탐구를 위해 사회현상의 특징에 대한 이해와 사회학적 상상력이 필요함을 인식하고, 사회현상에 대한 다양한 관점을 비교한다."
251,사회문화,exact,0.8155667781829834,사회 집단 및 사회 조직의 유형과 변화 양상에 대한 이해를 바탕으로 사회 집단 및 사회 조직이 개인의 사회생활과 사회적 관계에 미치는 영향을 설명한다.,"사회 변동이 다양한 요인의 복합적인 상호 작용의 산물이라는 점을 설명하고, 현대 사회의 변동 과정에서 나타나는 다양한 사회 운동의 유형과 특징을 탐구한다."
252,사회문화,exact,0.8155667781829834,사회 집단 및 사회 조직의 유형과 변화 양상에 대한 이해를 바탕으로 사회 집단 및 사회 조직이 개인의 사회생활과 사회적 관계에 미치는 영향을 설명한다.,"사회 변동이 다양한 요인의 복합적인 상호 작용의 산물이라는 점을 설명하고, 현대 사회의 변동 과정에서 나타나는 다양한 사회 운동의 유형과 특징을 탐구한다."
253,사회문화,exact,0.8155667781829834,사회 집단 및 사회 조직의 유형과 변화 양상에 대한 이해를 바탕으로 사회 집단 및 사회 조직이 개인의 사회생활과 사회적 관계에 미치는 영향을 설명한다.,"사회 변동이 다양한 요인의 복합적인 상호 작용의 산물이라는 점을 설명하고, 현대 사회의 변동 과정에서 나타나는 다양한 사회 운동의 유형과 특징을 탐구한다."
254,사회문화,exact,0.6031484603881836,사회 집단 및 사회 조직의 유형과 변화 양상에 대한 이해를 바탕으로 사회 집단 및 사회 조직이 개인의 사회생활과 사회적 관계에 미치는 영향을 설명한다.,"하위문화와 주류 문화의 관계에 대한 이해를 바탕으로 다문화 사회의 이주민 문화에 대한 서로 다른 관점을 비교하고, 이주민 문화가 갖는 의의에 기초하여 문화 다양성을 증진하기 위한 방안을 제시한다."
255,사회문화,exact,0.5789728164672852,"사회 변동이 다양한 요인의 복합적인 상호 작용의 산물이라는 점을 설명하고, 현대 사회의 변동 과정에서 나타나는 다양한 사회 운동의 유형과 특징을 탐구한다.","하위문화와 주류 문화의 관계에 대한 이해를 바탕으로 다문화 사회의 이주민 문화에 대한 서로 다른 관점을 비교하고, 이주민 문화가 갖는 의의에 기초하여 문화 다양성을 증진하기 위한 방안을 제시한다."
256,사회문화,exact,0.6569679975509644,"사회 변동이 다양한 요인의 복합적인 상호 작용의 산물이라는 점을 설명하고, 현대 사회의 변동 과정에서 나타나는 다양한 사회 운동의 유형과 특징을 탐구한다.","현대 사회에서 나타나는 다양한 사회 불평등 양상을 분석하고, 차별받는 사람들의 입장에 대한 공감을 바탕으로 다양한 불평등 현상에 대한 해결 방안을 모색한다."
257,사회문화,exact,0.5789728164672852,"사회 변동이 다양한 요인의 복합적인 상호 작용의 산물이라는 점을 설명하고, 현대 사회의 변동 과정에서 나타나는 다양한 사회 운동의 유형과 특징을 탐구한다.","하위문화와 주류 문화의 관계에 대한 이해를 바탕으로 다문화 사회의 이주민 문화에 대한 서로 다른 관점을 비교하고, 이주민 문화가 갖는 의의에 기초하여 문화 다양성을 증진하기 위한 방안을 제시한다."
258,사회문화,exact,0.748818576335907,"사회 변동이 다양한 요인의 복합적인 상호 작용의 산물이라는 점을 설명하고, 현대 사회의 변동 과정에서 나타나는 다양한 사회 운동의 유형과 특징을 탐구한다.","문화 변동의 다양한 요인과 양상, 문화 변동 과정에서 발생하는 문제점을 이해하고, 문화의 세계화로 인해 나타나는 쟁점에 대해 탐구한다."
259,사회문화,exact,0.7567060589790344,"하위문화와 주류 문화의 관계에 대한 이해를 바탕으로 다문화 사회의 이주민 문화에 대한 서로 다른 관점을 비교하고, 이주민 문화가 갖는 의의에 기초하여 문화 다양성을 증진하기 위한 방안을 제시한다.","문화 변동의 다양한 요인과 양상, 문화 변동 과정에서 발생하는 문제점을 이해하고, 문화의 세계화로 인해 나타나는 쟁점에 대해 탐구한다."
260,사회문화,exact,0.7567060589790344,"문화 변동의 다양한 요인과 양상, 문화 변동 과정에서 발생하는 문제점을 이해하고, 문화의 세계화로 인해 나타나는 쟁점에 대해 탐구한다.","하위문화와 주류 문화의 관계에 대한 이해를 바탕으로 다문화 사회의 이주민 문화에 대한 서로 다른 관점을 비교하고, 이주민 문화가 갖는 의의에 기초하여 문화 다양성을 증진하기 위한 방안을 제시한다."
261,사회문화,exact,0.7567060589790344,"문화 변동의 다양한 요인과 양상, 문화 변동 과정에서 발생하는 문제점을 이해하고, 문화의 세계화로 인해 나타나는 쟁점에 대해 탐구한다.","하위문화와 주류 문화의 관계에 대한 이해를 바탕으로 다문화 사회의 이주민 문화에 대한 서로 다른 관점을 비교하고, 이주민 문화가 갖는 의의에 기초하여 문화 다양성을 증진하기 위한 방안을 제시한다."
262,사회문화,exact,0.7567060589790344,"문화 변동의 다양한 요인과 양상, 문화 변동 과정에서 발생하는 문제점을 이해하고, 문화의 세계화로 인해 나타나는 쟁점에 대해 탐구한다.","하위문화와 주류 문화의 관계에 대한 이해를 바탕으로 다문화 사회의 이주민 문화에 대한 서로 다른 관점을 비교하고, 이주민 문화가 갖는 의의에 기초하여 문화 다양성을 증진하기 위한 방안을 제시한다."
263,사회문화,exact,0.7567060589790344,"문화 변동의 다양한 요인과 양상, 문화 변동 과정에서 발생하는 문제점을 이해하고, 문화의 세계화로 인해 나타나는 쟁점에 대해 탐구한다.","하위문화와 주류 문화의 관계에 대한 이해를 바탕으로 다문화 사회의 이주민 문화에 대한 서로 다른 관점을 비교하고, 이주민 문화가 갖는 의의에 기초하여 문화 다양성을 증진하기 위한 방안을 제시한다."
264,사회문화,exact,0.7079669237136841,"문화 변동의 다양한 요인과 양상, 문화 변동 과정에서 발생하는 문제점을 이해하고, 문화의 세계화로 인해 나타나는 쟁점에 대해 탐구한다.",세계화 및 정보화로 인한 변화 양상을 설명하고 관련 문제에 대처하는 방안을 모색한다.
265,사회문화,exact,0.6079967617988586,"현대 사회에서 나타나는 다양한 사회 불평등 양상을 분석하고, 차별받는 사람들의 입장에 대한 공감을 바탕으로 다양한 불평등 현상에 대한 해결 방안을 모색한다.","문화 변동의 다양한 요인과 양상, 문화 변동 과정에서 발생하는 문제점을 이해하고, 문화의 세계화로 인해 나타나는 쟁점에 대해 탐구한다."
266,사회문화,exact,0.46603164076805115,사회 복지의 의미를 설명하고 복지 제도의 유형과 역할 및 한계를 분석한다.,전 지구적 수준의 문제와 그 해결 방안을 탐색하고 세계 시민으로서 지속 가능한 사회를 위해 노력하는 태도를 가진다.
267,사회문화,exact,0.6093041300773621,사회 복지의 의미를 설명하고 복지 제도의 유형과 역할 및 한계를 분석한다.,사회 변동을 설명하는 다양한 이론을 비교하고 사회 운동이 사회 변동에 미치는 영향을 분석한다.
268,사회문화,exact,0.4751792550086975,사회 변동을 설명하는 다양한 이론을 비교하고 사회 운동이 사회 변동에 미치는 영향을 분석한다.,전 지구적 수준의 문제와 그 해결 방안을 탐색하고 세계 시민으로서 지속 가능한 사회를 위해 노력하는 태도를 가진다.
269,사회문화,exact,0.5948677659034729,세계화 및 정보화로 인한 변화 양상을 설명하고 관련 문제에 대처하는 방안을 모색한다.,전 지구적 수준의 문제와 그 해결 방안을 탐색하고 세계 시민으로서 지속 가능한 사회를 위해 노력하는 태도를 가진다.
270,사회문화,exact,0.5948677659034729,세계화 및 정보화로 인한 변화 양상을 설명하고 관련 문제에 대처하는 방안을 모색한다.,전 지구적 수준의 문제와 그 해결 방안을 탐색하고 세계 시민으로서 지속 가능한 사회를 위해 노력하는 태도를 가진다.
271,사회문화,exact,0.5948677659034729,세계화 및 정보화로 인한 변화 양상을 설명하고 관련 문제에 대처하는 방안을 모색한다.,전 지구적 수준의 문제와 그 해결 방안을 탐색하고 세계 시민으로서 지속 가능한 사회를 위해 노력하는 태도를 가진다.
272,사회문화,exact,0.5948677659034729,전 지구적 수준의 문제와 그 해결 방안을 탐색하고 세계 시민으로서 지속 가능한 사회를 위해 노력하는 태도를 가진다.,세계화 및 정보화로 인한 변화 양상을 설명하고 관련 문제에 대처하는 방안을 모색한다.
273,사회문화,exact,0.4751792550086975,전 지구적 수준의 문제와 그 해결 방안을 탐색하고 세계 시민으로서 지속 가능한 사회를 위해 노력하는 태도를 가진다.,사회 변동을 설명하는 다양한 이론을 비교하고 사회 운동이 사회 변동에 미치는 영향을 분석한다.
274,사회문화,exact,0.5725308060646057,전 지구적 수준의 문제와 그 해결 방안을 탐색하고 세계 시민으로서 지속 가능한 사회를 위해 노력하는 태도를 가진다.,저출산·고령화와 다문화적 변화로 인해 대두되는 과제를 제시하고 이에 대한 대응 방안을 모색한다.
275,수학,exact,0.7419540286064148,"단위분수, 진분수, 가분수, 대분수를 알고, 그 관계를 이해한다.","분모가 같은 분수끼리, 단위분수끼리 크기를 비교하고 그 방법을 설명할 수 있다."
276,수학,partial,0.5884957909584045,"일차부등식을 풀 수 있고, 이를 활용하여 문제를 해결할 수 있다.","다양한 상황을 문자를 사용한 식으로 나타내어 그 유용성을 인식하고, 식의 값을 구할 수 있다."
277,수학,exact,0.7384358644485474,이차방정식에서 판별식의 의미를 이해하고 이를 설명할 수 있다.,이차방정식의 실근과 허근의 뜻을 안다.
278,수학,exact,0.7191462516784668,"직사각형과 정사각형의 넓이를 구하는 방법을 이해하고, 이를 구할 수 있다.","평면도형의 둘레를 이해하고, 기본적인 평면도형의 둘레를 구할 수 있다."
279,수학,exact,0.8799179792404175,자료를 수집하여 그림그래프나 막대그래프로 나타내고 해석할 수 있다.,자료를 수집하여 꺾은선그래프로 나타내고 해석할 수 있다.
280,수학,exact,0.6866873502731323,"조합의 개념을 이해하고, 조합의 수를 구하는 방법을 설명할 수 있다.","순열의 개념을 이해하고, 순열의 수를 구하는 방법을 설명할 수 있다."
281,수학,exact,0.7292416095733643,"순열의 개념을 이해하고, 순열의 수를 구하는 방법을 설명할 수 있다.","다항식의 사칙연산의 원리를 설명하고, 그 계산을 할 수 있다."
282,수학,exact,0.4831690788269043,"실생활에서 가능성과 관련된 상황을 ‘불가능하다’, ‘~아닐 것 같다’, ‘반반이다’, ‘~일 것 같다’, ‘확실하다’ 등으로 나타낼 수 있다.",충분조건과 필요조건을 이해하고 구별할 수 있다.
283,수학,exact,0.8783497214317322,두 직선의 평행 조건과 수직 조건을 이해한다.,직선의 수직 관계와 평행 관계를 이해한다.
284,수학,partial,0.6850904226303101,"이차함수의 그래프를 그릴 수 있고, 그 성질을 설명할 수 있다.","일차식의 덧셈과 뺄셈의 원리를 이해하고, 그 계산을 할 수 있다."
285,수학,exact,0.529154896736145,"여러 가지 모양의 사각형에 대한 분류 활동을 통하여 직사각형, 정사각형, 사다리꼴, 평행사변형, 마름모를 이해하고, 그 성질을 탐구하고 설명할 수 있다.",직선의 수직 관계와 평행 관계를 이해한다.
286,수학,partial,0.6884211897850037,"직선, 선분, 반직선을 이해하고 구별할 수 있다.","여러 가지 모양의 삼각형에 대한 분류 활동을 통하여 직각삼각형, 예각삼각형, 둔각삼각형을 이해한다."
287,수학,exact,0.5837094783782959,"원점, x축, y축, 직선 y=x에 대한 대칭이동을 탐구하고, 실생활과 연결하여 문제를 해결할 수 있다.","원의 방정식을 구하고, 그래프를 그릴 수 있다."
288,수학,exact,0.5081318616867065,쌓기나무로 만든 입체도형을 보고 사용된 쌓기나무의 개수를 구할 수 있다.,각기둥의 전개도를 그릴 수 있다.
289,수학,exact,0.40220046043395996,다항식의 사칙연산을 할 수 있다.,"나머지정리의 의미를 이해하고, 이를 활용하여 문제를 해결할 수 있다."
290,수학,exact,0.9255624413490295,분모가 같은 분수의 덧셈과 뺄셈의 계산 원리를 이해하고 그 계산을 할 수 있다.,분수의 곱셈의 계산 원리를 탐구하고 그 계산을 할 수 있다.
291,수학,exact,0.4470751881599426,"탐구 문제를 설정하고, 그에 맞는 자료를 수집, 정리하여 적절한 그래프로 나타내고 해석할 수 있다.",사건이 일어날 가능성을 말로 표현하고 비교할 수 있다.
292,수학,exact,0.4855186343193054,쌓기나무로 만든 입체도형을 보고 사용된 쌓기나무의 개수를 구할 수 있다.,"구체물이나 평면도형의 밀기, 뒤집기, 돌리기 활동을 통하여 그 변화를 이해한다."
293,수학,exact,0.6696467399597168,"다항식의 덧셈과 뺄셈의 원리를 이해하고, 그 계산을 할 수 있다.","일차방정식을 풀 수 있고, 이를 활용하여 문제를 해결할 수 있다."
294,수학,exact,0.6167730093002319,이차방정식의 실근과 허근의 뜻을 안다.,이차함수의 그래프와 직선의 위치 관계를 이해한다.
295,수학,exact,0.6592305302619934,"삼각형을 작도하고, 그 과정을 설명할 수 있다.","점, 선, 면, 각을 이해하고, 실생활 상황과 연결하여 점, 직선, 평면의 위치 관계를 설명할 수 있다."
296,수학,exact,0.49832862615585327,"원의 중심, 반지름, 지름을 이해하고, 그 성질을 안다.",컴퍼스를 이용하여 여러 가지 크기의 원을 그릴 수 있다.
297,수학,exact,0.49832862615585327,컴퍼스를 이용하여 여러 가지 크기의 원을 그릴 수 있다.,"원의 중심, 반지름, 지름을 이해하고, 그 성질을 안다."
298,수학,exact,0.6205853223800659,"자연수의 덧셈, 뺄셈, 곱셈, 나눗셈과 관련한 여러 가지 상황에서 어림셈을 할 수 있다.","다섯 자리 이상의 수의 범위에서 수의 계열을 이해하고, 수의 크기를 비교하며 그 방법을 설명할 수 있다."
299,수학,exact,0.8771616816520691,"유리함수 y=(ax+b)/(cx+d)의 그래프를 그릴 수 있고, 그 그래프의 성질을 탐구할 수 있다.","무리함수 y=root(ax+b)+c의 그래프를 그릴 수 있고, 그 그래프의 성질을 탐구할 수 있다."
300,수학,exact,0.7410876750946045,공학적 도구를 이용하여 실생활과 관련된 자료를 수집하고 표나 그래프로 정리하고 해석할 수 있다.,"여러 가지 자료를 수집, 분류, 정리하여 자료의 특성에 맞는 그래프로 나타내고, 그래프를 해석할 수 있다."
301,수학,exact,0.6800426840782166,"배수, 공배수, 최소공배수를 이해하고 구할 수 있다.","약수, 공약수, 최대공약수를 이해하고 구할 수 있다."
302,수학,exact,0.7916554808616638,"여러 가지 모양의 삼각형에 대한 분류 활동을 통하여 이등변삼각형, 정삼각형을 이해한다.",이등변삼각형의 성질을 이해하고 설명할 수 있다.
303,수학,exact,0.6999995112419128,"길이 단위 1mm와 1km를 알고, 이를 이용하여 길이를 측정하고 어림하며 수학의 유용성을 인식할 수 있다.","1cm와 1mm, 1km와 1m의 관계를 이해하고, 길이를 ‘몇 cm 몇 mm’와 ‘몇 mm’, ‘몇 km 몇 m’와 ‘몇 m’로 다양하게 표현할 수 있다."
304,수학,exact,0.6020097732543945,"함수의 개념을 설명하고, 그 그래프를 이해한다.","집합의 개념을 이해하고, 집합을 표현할 수 있다."
305,수학,exact,0.6358938217163086,실생활 문제 상황과 연결하여 초 단위까지의 시간의 덧셈과 뺄셈을 할 수 있다.,"덧셈, 뺄셈, 곱셈, 나눗셈의 혼합 계산에서 계산하는 순서를 알고, 혼합 계산을 할 수 있다."
306,수학,exact,0.6112368702888489,"자료를 줄기와 잎 그림, 도수분포표, 히스토그램, 도수분포다각형으로 나타내고 해석할 수 있다.","상대도수를 구하며, 이를 그래프로 나타내고, 상대도수의 분포를 이해한다."
307,수학,exact,0.6051421165466309,소수의 곱셈의 계산 원리를 탐구하고 그 계산을 할 수 있다.,‘(자연수)/(자연수)’에서 나눗셈의 몫을 소수로 나타낼 수 있다.
308,수학,exact,0.5634094476699829,대우를 이용한 증명법과 귀류법을 이해한다.,"명제와 조건의 뜻을 알고, ‘모든’, ‘어떤’을 포함한 명제를 이해한다."
309,수학,exact,0.6306452751159668,"탐구 문제를 해결하기 위해 자료를 수집, 정리하여 막대그래프나 꺾은선그래프로 나타내고 해석할 수 있다.","평균의 의미를 알고, 자료를 수집하여 평균을 구하고 해석할 수 있다."
310,수학,exact,0.6450093984603882,"여러 가지 원 모양 물체의 원주와 지름을 측정하는 활동을 통하여, 원주율이 일정한 값임을 알고 그 근삿값을 사용할 수 있다.","원의 중심, 반지름, 지름을 이해하고, 그 성질을 안다."
311,수학,exact,0.6468736529350281,"가능성을 수나 말로 나타낸 예를 찾아보고, 가능성을 비교할 수 있다.","실생활에서 가능성과 관련된 상황을 ‘불가능하다’, ‘~아닐 것 같다’, ‘반반이다’, ‘~일 것 같다’, ‘확실하다’ 등으로 나타낼 수 있다."
312,수학,exact,0.6883872151374817,삼각비를 활용하여 여러 가지 문제를 해결할 수 있다.,"삼각비의 뜻을 알고, 간단한 삼각비의 값을 구할 수 있다."
313,수학,exact,0.6960604190826416,각기둥의 전개도를 그릴 수 있다.,"각기둥과 각뿔을 알고, 구성 요소와 성질을 이해한다."
314,수학,exact,0.6859763860702515,자료를 수집하여 띠그래프나 원그래프로 나타내고 해석할 수 있다.,"탐구 문제를 설정하고, 그에 맞는 자료를 수집, 정리하여 적절한 그래프로 나타내고 해석할 수 있다."
315,수학,exact,0.4107722043991089,사건이 일어날 가능성을 말로 표현하고 비교할 수 있다.,"각과 직각을 이해하고, 직각과 비교하는 활동을 통하여 예각과 둔각을 구별할 수 있다."
316,수학,exact,0.5393386483192444,"다항식의 사칙연산의 원리를 설명하고, 그 계산을 할 수 있다.","집합의 개념을 이해하고, 집합을 표현할 수 있다."
317,수학,exact,0.8483249545097351,곱하는 수가 한 자리 수 또는 두 자리 수인 곱셈의 계산 원리를 이해하고 그 계산을 할 수 있다.,소수의 곱셈의 계산 원리를 탐구하고 그 계산을 할 수 있다.
318,수학,exact,0.7033190131187439,두 집합 사이의 포함관계를 판단할 수 있다.,"집합의 개념을 이해하고, 집합을 표현할 수 있다."
319,수학,exact,0.5240317583084106,직선의 방정식을 구할 수 있다.,항등식의 성질을 이해한다.
320,수학,exact,0.8854113817214966,소수 두 자리 수의 범위에서 소수의 덧셈과 뺄셈의 계산 원리를 이해하고 그 계산을 할 수 있다.,소수의 곱셈과 나눗셈의 계산 결과를 어림할 수 있다.
321,수학,partial,0.8231726884841919,"쌓기나무로 만든 입체도형의 위, 앞, 옆에서 본 모양을 표현할 수 있고, 이러한 표현을 보고 입체도형의 모양을 추측할 수 있다.",쌓기나무로 만든 입체도형을 보고 사용된 쌓기나무의 개수를 구할 수 있다.
322,수학,exact,0.5492292642593384,다항식의 인수분해를 할 수 있다.,"항등식의 성질과 나머지정리를 이해하고, 이를 활용하여 문제를 해결할 수 있다."
323,수학,exact,0.6213623881340027,주어진 도형을 이용하여 여러 가지 모양을 만들거나 채우고 설명할 수 있다.,"직사각형과 정사각형의 넓이를 구하는 방법을 이해하고, 이를 구할 수 있다."
324,수학,exact,0.8539626598358154,"직육면체와 정육면체의 부피를 구하는 방법을 이해하고, 이를 구할 수 있다.","직육면체와 정육면체를 이해하고, 구성 요소와 성질을 탐구하고 설명할 수 있다."
325,수학,exact,0.8130756616592407,분모가 다른 분수의 크기를 비교하고 그 방법을 설명할 수 있다.,"크기가 같은 분수를 만드는 방법을 이해하고, 분수를 약분, 통분할 수 있다."
326,영어,exact,0.6399430632591248,말이나 글의 주제나 요지를 파악한다.,쉽고 짧은 글을 읽고 줄거리나 목적 등 중심 내용을 파악할 수 있다.
327,영어,exact,0.8085298538208008,말이나 글의 주제나 요지를 파악한다.,말이나 글의 분위기나 화자나 인물의 심정 및 의도 등을 추론한다.
328,영어,exact,0.5145877003669739,말이나 글의 분위기나 화자나 인물의 심정 및 의도 등을 추론한다.,친숙한 주제에 관해 자신의 의견을 주장한다.
329,영어,exact,0.677170991897583,말이나 글의 분위기나 화자나 인물의 심정 및 의도 등을 추론한다.,주변의 대상이나 상황을 묘사하는 글을 쓸 수 있다.
330,영어,exact,0.5335152745246887,말이나 글의 분위기나 화자나 인물의 심정 및 의도 등을 추론한다.,친숙한 일반적 주제에 관한 글을 읽고 내용의 논리적 관계를 파악할 수 있다
331,영어,exact,0.6904149651527405,말이나 글에 포함된 표현의 함축적 의미를 추론한다.,말이나 글에 포함된 세부 정보를 파악한다.
332,영어,exact,0.6642471551895142,말이나 글에 포함된 표현의 함축적 의미를 추론한다.,친숙한 일반적 주제에 관한 말이나 대화를 듣고 화자의 심정이나 태도를 추론할 수 있다.
333,영어,exact,0.3507634997367859,"자신의 생각이나 의견, 감정, 감상 등을 표현한다.",말이나 글에 포함된 세부 정보를 파악한다.
334,영어,exact,0.5640347003936768,"자신의 생각이나 의견, 감정, 감상 등을 표현한다.","실물, 그림, 동작 등을 보고 간단한 단어, 어구, 문장으로 말하거나 쓴다."
335,영어,exact,0.771360456943512,친숙한 일반적 주제에 관한 말이나 대화를 듣고 세부 정보를 파악할 수 있다.,친숙한 일반적 주제에 관한 글을 읽고 함축적 의미를 추론할 수 있다.
336,영어,exact,0.7504109144210815,친숙한 일반적 주제에 관한 말이나 대화를 듣고 세부 정보를 파악할 수 있다.,일상생활 주제에 관한 담화나 글의 세부 정보를 간단한 문장으로 묻거나 답한다.
337,영어,exact,0.6642774343490601,친숙한 일반적 주제에 관한 말이나 대화를 듣고 세부 정보를 파악할 수 있다.,"일상생활이나 친숙한 일반적 주제에 관한 그림, 도표 등을 설명하는 글을 쓸 수 있다"
338,영어,exact,0.7976908087730408,친숙한 일반적 주제에 관한 말이나 대화를 듣고 주제 및 요지를 파악할 수 있다.,친숙한 일반적 주제에 관한 글을 읽고 주제 및 요지를 파악할 수 있다.
339,영어,exact,0.8752703666687012,친숙한 일반적 주제에 관한 말이나 대화를 듣고 주제 및 요지를 파악할 수 있다.,친숙한 일반적 주제에 관한 말이나 대화를 듣고 화자의 심정이나 태도를 추론할 수 있다.
340,영어,exact,0.9057108163833618,친숙한 일반적 주제에 관한 말이나 대화를 듣고 내용의 논리적 관계를 파악할 수 있다.,친숙한 일반적 주제에 관한 말이나 대화를 듣고 세부 정보를 파악할 수 있다.
341,영어,exact,0.5908728241920471,친숙한 일반적 주제에 관한 말이나 대화를 듣고 내용의 논리적 관계를 파악할 수 있다.,말이나 글의 분위기나 화자나 인물의 심정 및 의도 등을 추론한다.
342,영어,exact,0.8228297233581543,친숙한 일반적 주제에 관한 말이나 대화를 듣고 화자의 심정이나 태도를 추론할 수 있다.,친숙한 일반적 주제에 관한 말이나 대화를 듣고 세부 정보를 파악할 수 있다.
343,영어,exact,0.7832189798355103,일상생활이나 친숙한 일반적 주제에 관하여 듣거나 읽고 중심 내용을 말할 수 있다.,"일상생활이나 친숙한 일반적 주제에 관한 그림, 도표 등을 설명하는 글을 쓸 수 있다"
344,영어,exact,0.7832189798355103,일상생활이나 친숙한 일반적 주제에 관하여 듣거나 읽고 중심 내용을 말할 수 있다.,"일상생활이나 친숙한 일반적 주제에 관한 그림, 도표 등을 설명하는 글을 쓸 수 있다"
345,영어,exact,0.9328233003616333,일상생활이나 친숙한 일반적 주제에 관하여 듣거나 읽고 중심 내용을 말할 수 있다.,일상생활이나 친숙한 일반적 주제에 관하여 듣거나 읽고 세부 정보를 설명할 수 있다
346,영어,exact,0.6980347633361816,일상생활이나 친숙한 일반적 주제에 관해 자신의 의견이나 감정을 표현할 수 있다.,친숙한 일반적 주제에 관한 말이나 대화를 듣고 주제 및 요지를 파악할 수 있다.
347,영어,exact,0.710527241230011,일상생활이나 친숙한 일반적 주제에 관한 정보를 묻고 답할 수 있다.,친숙한 일반적 주제에 관한 말이나 대화를 듣고 내용의 논리적 관계를 파악할 수 있다.
348,영어,exact,0.9014018774032593,친숙한 일반적 주제에 관한 글을 읽고 세부 정보를 파악할 수 있다.,친숙한 일반적 주제에 관한 글을 읽고 내용의 논리적 관계를 파악할 수 있다
349,영어,exact,0.9014018774032593,친숙한 일반적 주제에 관한 글을 읽고 세부 정보를 파악할 수 있다.,친숙한 일반적 주제에 관한 글을 읽고 내용의 논리적 관계를 파악할 수 있다
350,영어,exact,0.948013424873352,친숙한 일반적 주제에 관한 글을 읽고 주제 및 요지를 파악할 수 있다.,친숙한 일반적 주제에 관한 글을 읽고 세부 정보를 파악할 수 있다.
351,영어,exact,0.948013424873352,친숙한 일반적 주제에 관한 글을 읽고 주제 및 요지를 파악할 수 있다.,친숙한 일반적 주제에 관한 글을 읽고 세부 정보를 파악할 수 있다.
352,영어,exact,0.9434084892272949,친숙한 일반적 주제에 관한 글을 읽고 내용의 논리적 관계를 파악할 수 있다,친숙한 일반적 주제에 관한 글을 읽고 주제 및 요지를 파악할 수 있다.
353,영어,exact,0.9434084892272949,친숙한 일반적 주제에 관한 글을 읽고 내용의 논리적 관계를 파악할 수 있다,친숙한 일반적 주제에 관한 글을 읽고 주제 및 요지를 파악할 수 있다.
354,영어,exact,0.8014198541641235,친숙한 일반적 주제에 관한 글을 읽고 필자의 의도나 글의 목적을 파악할 수 있다.,"일상생활이나 친숙한 일반적 주제에 관한 그림, 도표 등을 설명하는 글을 쓸 수 있다"
355,영어,exact,0.923792839050293,친숙한 일반적 주제에 관한 글을 읽고 필자의 의도나 글의 목적을 파악할 수 있다.,친숙한 일반적 주제에 관한 글을 읽고 함축적 의미를 추론할 수 있다.
356,영어,exact,0.7139931917190552,친숙한 일반적 주제에 관한 글을 읽고 함축적 의미를 추론할 수 있다.,일상생활이나 친숙한 일반적 주제에 관해 자신의 의견이나 감정을 쓸 수 있다.
357,영어,exact,0.923792839050293,친숙한 일반적 주제에 관한 글을 읽고 함축적 의미를 추론할 수 있다.,친숙한 일반적 주제에 관한 글을 읽고 필자의 의도나 글의 목적을 파악할 수 있다.
358,영어,exact,0.7275862097740173,일상생활이나 친숙한 일반적 주제에 관하여 듣거나 읽고 세부 정보를 기록할 수 있다.,친숙한 일반적 주제에 관한 말이나 대화를 듣고 내용의 논리적 관계를 파악할 수 있다.
359,영어,exact,0.659813404083252,일상생활이나 친숙한 일반적 주제에 관하여 듣거나 읽고 간단하게 요약할 수 있다.,"간단한 단어, 어구, 문장을 듣고 강세, 리듬, 억양을 식별한다."
360,영어,exact,0.7488038539886475,일상생활이나 친숙한 일반적 주제에 관하여 듣거나 읽고 간단하게 요약할 수 있다.,친숙한 일반적 주제에 관한 말이나 대화를 듣고 내용의 논리적 관계를 파악할 수 있다.
361,영어,exact,0.7044782638549805,일상생활이나 친숙한 일반적 주제에 관해 자신의 의견이나 감정을 쓸 수 있다.,일상생활이나 친숙한 일반적 주제에 관하여 듣거나 읽고 세부 정보를 설명할 수 있다
362,영어,exact,0.7044782638549805,일상생활이나 친숙한 일반적 주제에 관해 자신의 의견이나 감정을 쓸 수 있다.,일상생활이나 친숙한 일반적 주제에 관하여 듣거나 읽고 세부 정보를 설명할 수 있다
363,영어,exact,0.533078670501709,주변의 대상이나 상황을 묘사하는 글을 쓸 수 있다.,친숙한 일반적 주제에 관한 글을 읽고 내용의 논리적 관계를 파악할 수 있다
364,영어,exact,0.533078670501709,주변의 대상이나 상황을 묘사하는 글을 쓸 수 있다.,친숙한 일반적 주제에 관한 글을 읽고 내용의 논리적 관계를 파악할 수 있다
365,영어,exact,0.6815994381904602,"간단한 서식, 이메일, 메모 등을 작성할 수 있다.",일상생활 속의 친숙한 주제에 관한 쉽고 짧은 글을 읽고 세부 정보를 파악할 수 있다.
366,영어,exact,0.6642774343490601,"일상생활이나 친숙한 일반적 주제에 관한 그림, 도표 등을 설명하는 글을 쓸 수 있다",친숙한 일반적 주제에 관한 말이나 대화를 듣고 세부 정보를 파악할 수 있다.
367,영어,exact,0.8297552466392517,"일상생활이나 친숙한 일반적 주제에 관한 그림, 도표 등을 설명하는 글을 쓸 수 있다",일상생활이나 친숙한 일반적 주제에 관하여 듣거나 읽고 세부 정보를 설명할 수 있다
368,영어,exact,0.6689703464508057,알파벳과 쉽고 간단한 단어의 소리를 듣고 식별한다.,알파벳 대소문자를 식별하여 읽는다.
369,영어,exact,0.6689703464508057,알파벳과 쉽고 간단한 단어의 소리를 듣고 식별한다.,알파벳 대소문자를 식별하여 읽는다.
370,영어,exact,0.7201765775680542,알파벳과 쉽고 간단한 단어의 소리를 듣고 식별한다.,"쉽고 간단한 단어, 어구, 문장을 강세, 리듬, 억양에 맞게 따라 말한다."
371,영어,exact,0.46183907985687256,알파벳 대소문자를 식별하여 읽는다.,"쉽고 간단한 단어, 어구, 문장을 강세, 리듬, 억양에 맞게 따라 말한다."
372,영어,exact,0.7928792238235474,"소리와 철자의 관계를 이해하며 쉽고 간단한 단어, 어구, 문장을 소리 내어 읽는다.","쉽고 간단한 단어, 어구, 문장을 강세, 리듬, 억양에 맞게 따라 말한다."
373,영어,exact,0.5427783727645874,"쉽고 간단한 단어, 어구, 문장의 의미를 이해한다.",친숙한 주제에 관한 담화나 글에서 세부 정보를 파악한다.
374,영어,exact,0.4599233567714691,자기 주변 주제에 관한 담화의 주요 정보를 파악한다.,"자신의 감정이나 의견, 경험이나 계획을 간단한 문장으로 표현한다."
375,영어,exact,0.33531975746154785,자기 주변 주제에 관한 담화의 주요 정보를 파악한다.,알파벳 대소문자를 식별하여 읽는다.
376,영어,exact,0.46183907985687256,"쉽고 간단한 단어, 어구, 문장을 강세, 리듬, 억양에 맞게 따라 말한다.",알파벳 대소문자를 식별하여 읽는다.
377,영어,exact,0.7720457315444946,"쉽고 간단한 단어, 어구, 문장을 강세, 리듬, 억양에 맞게 따라 말한다.","실물, 그림, 동작 등을 보고 쉽고 간단한 문장으로 말하거나 단어나 어구를 쓴다."
378,영어,exact,0.9158408641815186,소리와 철자의 관계를 바탕으로 쉽고 간단한 단어를 쓴다.,"소리와 철자의 관계를 이해하며 쉽고 간단한 단어, 어구, 문장을 소리 내어 읽는다."
379,영어,exact,0.7720457315444946,"실물, 그림, 동작 등을 보고 쉽고 간단한 문장으로 말하거나 단어나 어구를 쓴다.","쉽고 간단한 단어, 어구, 문장을 강세, 리듬, 억양에 맞게 따라 말한다."
380,영어,exact,0.7953550815582275,"실물, 그림, 동작 등을 보고 쉽고 간단한 문장으로 말하거나 단어나 어구를 쓴다.","자신, 주변 사람이나 사물의 소개나 묘사를 쉽고 간단한 문장으로 말하거나 보고 쓴다."
381,영어,exact,0.6434444189071655,"자신, 주변 사람이나 사물의 소개나 묘사를 쉽고 간단한 문장으로 말하거나 보고 쓴다.",일상생활 주제에 관한 담화나 글의 중심 내용을 파악한다.
382,영어,exact,0.8024113774299622,일상생활 속의 친숙한 주제에 관해 쉽고 간단한 표현으로 묻거나 답할 수 있다.,쉽고 간단한 낱말이나 어구를 읽고 의미를 이해할 수 있다.
383,영어,exact,0.9025022983551025,자기 주변 주제에 관한 담화의 주요 정보를 묻거나 답한다.,자기 주변 주제에 관한 담화의 주요 정보를 파악한다.
384,영어,exact,0.49533605575561523,알파벳 대소문자를 식별하여 읽을 수 있다.,"쉽고 간단한 단어, 어구, 문장의 의미를 이해한다."
385,영어,exact,0.6111162900924683,소리와 철자의 관계를 이해하여 낱말을 읽을 수 있다.,"쉽고 간단한 낱말이나 어구, 문장을 따라 읽을 수 있다."
386,영어,exact,0.9504516124725342,쉽고 간단한 낱말이나 어구를 읽고 의미를 이해할 수 있다.,"쉽고 간단한 낱말이나 어구, 문장을 따라 읽을 수 있다."
387,영어,exact,0.648764967918396,구두로 익힌 낱말이나 어구를 따라 쓰거나 보고 쓸 수 있다.,소리와 철자의 관계를 바탕으로 쉽고 간단한 낱말이나 어구를 듣고 쓸 수 있다.
388,영어,exact,0.703621506690979,실물이나 그림을 보고 쉽고 간단한 낱말이나 어구를 쓸 수 있다.,구두로 익힌 낱말이나 어구를 따라 쓰거나 보고 쓸 수 있다.
389,영어,exact,0.8382226228713989,"간단한 단어, 어구, 문장을 강세, 리듬, 억양에 맞게 소리 내어 읽는다.","쉽고 간단한 단어, 어구, 문장을 강세, 리듬, 억양에 맞게 따라 말한다."
390,영어,exact,0.760338306427002,"간단한 단어, 어구, 문장의 의미를 이해한다.",일상생활 주제에 관한 담화나 글의 세부 정보를 간단한 문장으로 묻거나 답한다.
391,영어,exact,0.6064441204071045,"간단한 단어, 어구, 문장의 의미를 이해한다.",일상생활 주제에 관한 담화나 글의 중심 내용을 파악한다.
392,영어,exact,0.5744723081588745,일상생활 주제에 관한 담화나 글의 세부 정보를 파악한다.,"주변 장소나 위치, 행동 순서나 방법을 간단한 문장으로 설명한다."
393,영어,exact,0.734438419342041,일상생활 주제에 관한 담화나 글의 세부 정보를 파악한다.,일상생활 속의 친숙한 주제에 관한 쉽고 간단한 말이나 대화를 듣고 세부 정보를 파악할 수 있다.
394,영어,exact,0.6064441204071045,일상생활 주제에 관한 담화나 글의 중심 내용을 파악한다.,"간단한 단어, 어구, 문장의 의미를 이해한다."
395,영어,exact,0.5840153098106384,"그림, 실물, 동작에 관해 한두 문장으로 표현할 수 있다.",소리와 철자의 관계를 바탕으로 쉽고 간단한 낱말이나 어구를 듣고 쓸 수 있다.
396,영어,exact,0.713545560836792,"실물, 그림, 동작 등을 보고 간단한 단어, 어구, 문장으로 말하거나 쓴다.","간단한 단어, 어구, 문장을 강세, 리듬, 억양에 맞게 소리 내어 읽는다."
397,영어,exact,0.5955905914306641,주변 사람과 사물에 관해 쉽고 간단한 문장으로 묘사할 수 있다.,구두로 익힌 낱말이나 어구를 따라 쓰거나 보고 쓸 수 있다.
398,영어,exact,0.8244813680648804,주변 사람이나 사물을 간단한 문장으로 소개하거나 묘사한다.,"주변 장소나 위치, 행동 순서나 방법을 간단한 문장으로 설명한다."
399,영어,exact,0.8320654630661011,"주변 장소나 위치, 행동 순서나 방법을 간단한 문장으로 설명한다.",주변 사람과 사물에 관해 쉽고 간단한 문장으로 묘사할 수 있다.
400,영어,exact,0.7378607988357544,"자신의 감정이나 의견, 경험이나 계획을 간단한 문장으로 표현한다.",주변 사람이나 사물을 간단한 문장으로 소개하거나 묘사한다.
401,영어,exact,0.5266952514648438,"자신의 감정이나 의견, 경험이나 계획을 간단한 문장으로 표현한다.",일상생활 주제에 관한 담화나 글의 세부 정보를 파악한다.
402,영어,exact,0.8153367042541504,일상생활 주제에 관한 담화나 글의 세부 정보를 간단한 문장으로 묻거나 답한다.,일상생활 주제에 관한 담화나 글의 중심 내용을 파악한다.
403,영어,exact,0.7603381872177124,일상생활 주제에 관한 담화나 글의 세부 정보를 간단한 문장으로 묻거나 답한다.,"간단한 단어, 어구, 문장의 의미를 이해한다."
404,영어,exact,0.5986075401306152,"쉽고 간단한 문장을 강세, 리듬, 억양에 맞게 소리 내어 읽을 수 있다.","그림, 실물, 동작에 관해 한두 문장으로 표현할 수 있다."
405,영어,exact,0.8804779648780823,"쉽고 간단한 문장을 강세, 리듬, 억양에 맞게 소리 내어 읽을 수 있다.",소리와 철자의 관계를 바탕으로 쉽고 간단한 낱말이나 어구를 듣고 쓸 수 있다.
406,영어,exact,0.6931813955307007,일상생활 속의 친숙한 주제에 관한 쉽고 짧은 글을 읽고 세부 정보를 파악할 수 있다.,"쉽고 간단한 문장을 강세, 리듬, 억양에 맞게 소리 내어 읽을 수 있다."
407,영어,exact,0.5829390287399292,쉽고 짧은 글을 읽고 줄거리나 목적 등 중심 내용을 파악할 수 있다.,"그림, 실물, 동작에 관해 한두 문장으로 표현할 수 있다."
408,영어,exact,0.6597407460212708,소리와 철자의 관계를 바탕으로 쉽고 간단한 낱말이나 어구를 듣고 쓸 수 있다.,쉽고 짧은 글을 읽고 줄거리나 목적 등 중심 내용을 파악할 수 있다.
409,영어,exact,0.5840153098106384,소리와 철자의 관계를 바탕으로 쉽고 간단한 낱말이나 어구를 듣고 쓸 수 있다.,"그림, 실물, 동작에 관해 한두 문장으로 표현할 수 있다."
410,영어,exact,0.3926321268081665,친숙한 주제에 관한 담화나 글에서 세부 정보를 파악한다.,대상이나 인물의 감정을 묘사한다.
411,영어,exact,0.7132471799850464,친숙한 주제에 관한 담화나 글의 중심 내용을 파악한다.,친숙한 주제에 관해 사실적 정보를 설명한다.
412,영어,exact,0.7132471799850464,친숙한 주제에 관한 담화나 글의 중심 내용을 파악한다.,친숙한 주제에 관해 사실적 정보를 설명한다.
413,영어,exact,0.6939765214920044,친숙한 주제에 관한 담화나 글에서 일이나 사건의 논리적 관계를 파악한다.,친숙한 주제에 관해 경험이나 계획을 설명한다.
414,영어,exact,0.7240891456604004,친숙한 주제에 관한 담화나 글에서 일이나 사건의 논리적 관계를 파악한다.,일상생활 주제에 관한 담화나 글의 세부 정보를 간단한 문장으로 묻거나 답한다.
415,영어,exact,0.7154403924942017,친숙한 주제에 관한 담화나 글에서 인물의 기분이나 감정을 추론한다.,일상생활 주제에 관한 담화나 글의 중심 내용을 파악한다.
416,영어,exact,0.69189453125,친숙한 주제에 관한 담화나 글에서 화자나 필자의 의도나 목적을 추론한다.,친숙한 주제에 관해 듣거나 읽고 내용을 요약한다.
417,영어,exact,0.6086007356643677,"단어, 어구, 문장의 함축적 의미를 추론한다.",친숙한 주제에 관해 듣거나 읽고 내용을 요약한다.
418,영어,exact,0.5036048889160156,친숙한 주제에 관해 사실적 정보를 설명한다.,쉽고 간단한 낱말이나 어구를 읽고 의미를 이해할 수 있다.
419,영어,exact,0.7132471799850464,친숙한 주제에 관해 사실적 정보를 설명한다.,친숙한 주제에 관한 담화나 글의 중심 내용을 파악한다.
420,영어,exact,0.6939765214920044,친숙한 주제에 관해 경험이나 계획을 설명한다.,친숙한 주제에 관한 담화나 글에서 일이나 사건의 논리적 관계를 파악한다.
421,영어,exact,0.7581888437271118,친숙한 주제에 관해 일이나 사건의 논리적 관계를 설명한다.,친숙한 주제에 관해 경험이나 계획을 설명한다.
422,영어,exact,0.7100001573562622,친숙한 주제에 관해 자신의 의견을 주장한다.,친숙한 주제에 관해 경험이나 계획을 설명한다.
423,영어,exact,0.7090283036231995,친숙한 주제에 관해 듣거나 읽고 내용을 요약한다.,친숙한 주제에 관해 경험이나 계획을 설명한다.
424,영어,exact,0.7090283036231995,친숙한 주제에 관해 듣거나 읽고 내용을 요약한다.,친숙한 주제에 관해 경험이나 계획을 설명한다.
425,영어,exact,0.4454737901687622,"간단한 일기, 편지, 이메일 등의 글을 쓴다.","연음이나 축약된 소리를 활용하여 단어, 어구, 문장을 말한다."
426,영어,exact,0.38293471932411194,"간단한 일기, 편지, 이메일 등의 글을 쓴다.","단어, 어구, 문장의 함축적 의미를 추론한다."
427,영어,exact,0.35207703709602356,적절한 매체를 활용하여 정보 윤리를 준수하며 말하거나 쓴다.,친숙한 주제에 관해 경험이나 계획을 설명한다.
428,영어,exact,0.37897470593452454,적절한 전략을 활용하여 상황이나 목적에 맞게 말하거나 쓴다.,쉽고 간단한 낱말이나 어구를 읽고 의미를 이해할 수 있다.
429,영어,exact,0.5559665560722351,적절한 전략을 활용하여 상황이나 목적에 맞게 말하거나 쓴다.,"연음이나 축약된 소리를 활용하여 단어, 어구, 문장을 말한다."
430,영어,exact,0.45940300822257996,상대방을 배려하는 태도로 말하거나 쓴다.,"연음이나 축약된 소리를 활용하여 단어, 어구, 문장을 말한다."
431,과학,exact,0.7928829193115234,"과학사에서 패러다임의 전환을 가져온 결정적 실험을 따라해 보고, 과학의 발전 과정에 대해 설명할 수 있다.","과학사에서 우연한 발견으로 이루어진 탐구 실험을 수행하고, 그 과정에서 발견되는 과학의 본성을 설명할 수 있다."
432,과학,exact,0.6853435039520264,"과학사에서 우연한 발견으로 이루어진 탐구 실험을 수행하고, 그 과정에서 발견되는 과학의 본성을 설명할 수 있다.",생활 제품 속에 담긴 과학 원리를 파악할 수 있는 실험을 통해 실생활에 적용되는 과학 원리를 설명할 수 있다.
433,과학,exact,0.7837346792221069,"가설 설정을 포함한 과학사의 대표적인 탐구 실험을 수행하고, 연역적 탐구 방법의 특징을 설명할 수 있다.","흥미와 호기심을 갖고 과학 탐구에 참여하고, 분야 간 협동 연구 등을 통해 협력적 탐구 활동을 수행하며, 도출한 결과를 증거에 근거하여 해석하고 평가할 수 있다."
434,과학,exact,0.8676777482032776,생활 제품 속에 담긴 과학 원리를 파악할 수 있는 실험을 통해 실생활에 적용되는 과학 원리를 설명할 수 있다.,"영화, 건축, 요리, 스포츠, 미디어 등 생활과 관련된 다양한 분야에 적용된 과학 원리를 알아보는 실험을 통해 과학의 유용성을 설명할 수 있다."
435,과학,exact,0.8676777482032776,생활 제품 속에 담긴 과학 원리를 파악할 수 있는 실험을 통해 실생활에 적용되는 과학 원리를 설명할 수 있다.,"영화, 건축, 요리, 스포츠, 미디어 등 생활과 관련된 다양한 분야에 적용된 과학 원리를 알아보는 실험을 통해 과학의 유용성을 설명할 수 있다."
436,과학,exact,0.32168811559677124,"영화, 건축, 요리, 스포츠, 미디어 등 생활과 관련된 다양한 분야에 적용된 과학 원리를 알아보는 실험을 통해 과학의 유용성을 설명할 수 있다.",수평잡기 활동을 통해 물체의 무게를 비교할 수 있다.
437,과학,exact,0.8676777482032776,"영화, 건축, 요리, 스포츠, 미디어 등 생활과 관련된 다양한 분야에 적용된 과학 원리를 알아보는 실험을 통해 과학의 유용성을 설명할 수 있다.",생활 제품 속에 담긴 과학 원리를 파악할 수 있는 실험을 통해 실생활에 적용되는 과학 원리를 설명할 수 있다.
438,과학,exact,0.7508434057235718,과학 원리를 활용한 놀이 체험을 통해 과학의 즐거움을 느낄 수 있다.,"영화, 건축, 요리, 스포츠, 미디어 등 생활과 관련된 다양한 분야에 적용된 과학 원리를 알아보는 실험을 통해 과학의 유용성을 설명할 수 있다."
439,과학,exact,0.6394952535629272,"흥미와 호기심을 갖고 과학 탐구에 참여하고, 분야 간 협동 연구 등을 통해 협력적 탐구 활동을 수행하며, 도출한 결과를 증거에 근거하여 해석하고 평가할 수 있다.",과학 원리를 활용한 놀이 체험을 통해 과학의 즐거움을 느낄 수 있다.
440,과학,exact,0.6427438259124756,"흥미와 호기심을 갖고 과학 탐구에 참여하고, 분야 간 협동 연구 등을 통해 협력적 탐구 활동을 수행하며, 도출한 결과를 증거에 근거하여 해석하고 평가할 수 있다.",생활 제품 속에 담긴 과학 원리를 파악할 수 있는 실험을 통해 실생활에 적용되는 과학 원리를 설명할 수 있다.
441,과학,exact,0.6917213201522827,생활 속에서 발견한 문제 상황 해결을 위한 과학 탐구 활동 계획을 수립하고 탐구 활동을 수행할 수 있다.,생활 제품 속에 담긴 과학 원리를 파악할 수 있는 실험을 통해 실생활에 적용되는 과학 원리를 설명할 수 있다.
442,과학,exact,0.8231980800628662,"과학의 핵심 개념을 적용하여 실생활 문제를 해결하거나, 탐구에 필요한 도구를 창의적으로 설계하고 제작할 수 있다.","영화, 건축, 요리, 스포츠, 미디어 등 생활과 관련된 다양한 분야에 적용된 과학 원리를 알아보는 실험을 통해 과학의 유용성을 설명할 수 있다."
443,과학,exact,0.7659863829612732,첨단 과학기술 속의 과학 원리를 찾아내는 탐구 활동을 통해 과학 지식이 활용된 사례를 추론할 수 있다.,과학을 활용하여 우리 생활을 보다 편리하게 만드는 방안을 고안하고 그 유용성에 대해 토론할 수 있다.
444,과학,exact,0.8361256122589111,다양한 환경에 서식하는 동물을 조사하여 동물의 생김새와 생활 방식이 환경과 관련되어 있음을 설명할 수 있다.,다양한 환경에 서식하는 식물을 조사하여 식물의 생김새와 생활 방식이 환경과 관련되어 있음을 설명할 수 있다.
445,과학,exact,0.43138450384140015,여러 가지 식물을 관찰하여 특징에 따라 식물을 분류할 수 있다.,거울과 렌즈의 쓰임새를 조사하고 거울이나 렌즈를 이용한 장치를 창의적으로 만들 수 있다.
446,과학,exact,0.7587380409240723,다양한 환경에 서식하는 식물을 조사하여 식물의 생김새와 생활 방식이 환경과 관련되어 있음을 설명할 수 있다.,여러 가지 식물을 관찰하여 특징에 따라 식물을 분류할 수 있다.
447,과학,exact,0.6887069940567017,"동물의 한살이를 직접 관찰하고, 관찰한 내용을 글과 그림으로 표현할 수 있다.",생물의 한살이 과정을 조사하여 생물에 따라 한살이의 유형이 다양함을 소개하는 자료를 만들어 공유할 수 있다.
448,과학,exact,0.360196977853775,식물이 자라는 데 필요한 조건을 찾는 실험을 설계하여 수행할 수 있다.,물의 중요성을 알고 물 부족 현상을 해결하기 위해 창의적 방법을 활용한 사례를 조사할 수 있다.
449,과학,exact,0.6706095933914185,생물의 한살이 과정을 조사하여 생물에 따라 한살이의 유형이 다양함을 소개하는 자료를 만들어 공유할 수 있다.,여러 가지 동물을 관찰하여 특징에 따라 동물을 분류할 수 있다.
450,과학,exact,0.30165204405784607,"물질의 세 가지 상태인 고체, 액체, 기체의 성질을 관찰하여 비교할 수 있다.",과학 원리를 활용한 놀이 체험을 통해 과학의 즐거움을 느낄 수 있다.
451,과학,exact,0.8939909934997559,"여러 가지 물질을 통하여 소리가 전달되는 것을 관찰하고, 소음을 줄이는 방법을 찾아 일상생활에서 실천할 수 있다.",여러 가지 물체를 통하여 소리가 전달되거나 반사됨을 관찰하고 소음을 줄이는 방법을 토의할 수 있다.
452,과학,exact,0.4406224489212036,"물이 세 가지 상태로 변할 수 있음을 알고, 우리 주변에서 예를 찾을 수 있다.",다양한 환경에 서식하는 동물을 조사하여 동물의 생김새와 생활 방식이 환경과 관련되어 있음을 설명할 수 있다.
453,과학,exact,0.6516596078872681,"태양계 구성원을 알고, 태양과 행성을 조사할 수 있다.","달의 모양과 표면, 달의 위상변화를 관찰하여 밤하늘 관찰에 흥미를 가질 수 있다."
454,과학,exact,0.35216256976127625,"지층의 특징을 알고, 지층의 형성 과정을 모형으로 표현할 수 있다.",수평잡기 활동을 통해 물체의 무게를 비교할 수 있다.
455,과학,exact,0.5140724182128906,"빛이 나아가는 현상을 관찰하여 빛이 직진, 반사, 굴절하는 성질이 있음을 말할 수 있다.",거울과 렌즈의 쓰임새를 조사하고 거울이나 렌즈를 이용한 장치를 창의적으로 만들 수 있다.
456,과학,exact,0.9154493808746338,"용해 현상의 의미를 알고, 용질의 종류와 물의 온도에 따라 물에 녹는 용질의 양이 달라짐을 비교할 수 있다.",물의 온도에 따라 용질의 녹는 양이 달라짐을 실험할 수 있다.
457,과학,exact,0.6160223484039307,물의 온도에 따라 용질의 녹는 양이 달라짐을 실험할 수 있다.,물을 증발시켜 물에 녹아 있는 고체 물질을 분리할 수 있다.
458,과학,exact,0.42834508419036865,"소화, 순환, 호흡, 배설 기관의 구조와 기능을 알아보고, 우리 몸의 여러 기관이 서로 관련되어 있음을 설명할 수 있다.",고기압과 저기압의 분포에 따른 날씨의 특징을 기상 요소로 표현할 수 있다.
459,과학,exact,0.4719852805137634,알갱이의 크기가 다른 고체 혼합물과 골고루 섞이지 않는 액체 혼합물을 분리할 수 있다.,"지층이 퇴적암으로 이루어짐을 알고, 퇴적암을 알갱이의 크기에 따라 분류할 수 있다."
460,과학,exact,0.7179833650588989,생태계 보전의 필요성을 인식하고 생태계 보전을 위해 우리가 할 수 있는 일에 대해 토의할 수 있다.,"생물다양성 보전의 필요성을 이해하고, 생물다양성 유지를 위한 활동 사례를 조사하여 발표할 수 있다."
461,과학,exact,0.40837615728378296,"자원과 에너지의 효율적인 이용 방법에 대해 탐색하고, 생활 속에서 실천할 수 있는 다양한 사례를 공유할 수 있다.",위로 던져 올린 물체와 자유 낙하 물체의 운동에서 위치 에너지와 운동 에너지의 변화를 역학적 에너지 전환과 역학적 에너지 보존으로 예측할 수 있다.
462,과학,exact,0.6110717058181763,"식물의 각 기관의 구조를 관찰하고, 기능을 알아보는 실험을 수행하여 식물 각 기관의 구조와 기능을 설명할 수 있다.","광합성 산물의 생성, 저장, 사용 과정을 모형으로 표현할 수 있다."
463,과학,exact,0.8139795660972595,계절에 따른 태양의 남중 고도와 낮의 길이 사이의 관계를 자료에 근거하여 추론할 수 있다.,"태양 고도 측정기로 하루 동안 태양 고도, 그림자 길이, 기온을 측정하여 이들의 관계를 찾을 수 있다."
464,과학,exact,0.612931489944458,전자석을 만들어 영구 자석과 전자석을 비교하여 일상생활에서 전자석이 사용되는 예를 조사할 수 있다.,전류의 자기 작용을 관찰하고 자기장 안에 놓인 전류가 흐르는 코일이 받는 힘을 이용하여 전동기의 원리를 설명할 수 있다.
465,과학,exact,0.6663424968719482,"소화, 순환, 호흡, 배설 기관의 종류, 위치, 생김새, 기능을 설명할 수 있다.","동물이 세포 호흡을 통해 에너지를 얻는 과정을 소화, 순환, 호흡, 배설과 관련지어 설명할 수 있다."
466,과학,exact,0.7811999320983887,"생물이 살아가거나 기계를 움직이는 데 에너지가 필요함을 알고, 이때 이용하는 에너지의 형태를 조사할 수 있다.","자연 현상이나 일상생활의 예를 통해 에너지의 형태가 전환됨을 알고, 에너지를 효율적으로 사용하는 방법을 토의할 수 있다."
467,과학,exact,0.535450279712677,"여러 가지 물질의 상태 변화를 관찰하고, 상태 변화 시 나타나는 현상을 입자 모형으로 설명할 수 있다.","물이 증발할 때와 끓을 때의 변화를 관찰하여 차이점을 알고, 이와 관련된 예를 우리 주변에서 찾을 수 있다."
468,과학,exact,0.7055574655532837,전기 회로에서 전지의 전압이 전자를 지속적으로 이동하게 하여 전류를 형성함을 모형으로 설명할 수 있다.,전류의 자기 작용을 관찰하고 자기장 안에 놓인 전류가 흐르는 코일이 받는 힘을 이용하여 전동기의 원리를 설명할 수 있다.
469,과학,exact,0.651050329208374,"저항, 전류, 전압 사이의 관계를 실험을 통해 이해하고, 일상생활에서 저항의 직렬연결과 병렬연결의 쓰임새를 조사하여 비교할 수 있다",전류의 자기 작용을 관찰하고 자기장 안에 놓인 전류가 흐르는 코일이 받는 힘을 이용하여 전동기의 원리를 설명할 수 있다.
470,과학,exact,0.8069445490837097,"태양 표면과 대기의 특징을 알고, 태양의 활동이 지구에 미치는 영향에 대해 설명할 수 있다.",태양이 지구의 에너지원임을 이해하고 태양계를 구성하는 태양과 행성을 조사할 수 있다.
471,과학,exact,0.6489177942276001,"광합성 산물의 생성, 저장, 사용 과정을 모형으로 표현할 수 있다.",수정란으로부터 개체가 발생되는 과정을 모형으로 표현할 수 있다.
472,과학,exact,0.3817993998527527,음식물이 소화되어 영양소가 흡수되는 과정을 소화 효소의 작용과 관련지어 설명할 수 있다.,운동할 때 우리 몸에서 나타나는 변화를 관찰하여 우리 몸의 여러 기관이 서로 관련되어 있음을 설명할 수 있다.
473,과학,exact,0.5766167640686035,"순환계의 구조와 기능을 이해하고, 혈액의 순환 경로를 나타낼 수 있다.","동물이 세포 호흡을 통해 에너지를 얻는 과정을 소화, 순환, 호흡, 배설과 관련지어 설명할 수 있다."
474,과학,exact,0.6386318206787109,과학적 원리를 이용하여 재해･재난에 대한 대처 방안을 세울 수 있다.,"화산 활동과 지진이 우리 생활에 미치는 영향을 조사하여, 대처 방법을 실천할 수 있다."
475,과학,exact,0.5155816078186035,"기체 반응 법칙을 이해하고, 이를 실험을 통해 확인할 수 있다.",과학 원리를 활용한 놀이 체험을 통해 과학의 즐거움을 느낄 수 있다.
476,과학,exact,0.5578745603561401,"화학 반응에서 에너지의 출입을 이해하고, 이를 활용한 장치를 설계할 수 있다.",뉴런과 신경계의 구조와 기능을 이해하고 자극에 대한 반응 실험을 통해 자극의 종류에 따라 자극에서 반응이 일어나기까지의 과정을 표현할 수 있다.
477,과학,exact,0.5819704532623291,물체의 자유 낙하 운동을 분석하여 시간에 따른 속력의 변화가 일정함을 설명할 수 있다.,"일의 의미를 알고, 자유 낙하하는 물체의 운동에서 중력이 한 일을 위치 에너지와 운동 에너지로 표현할 수 있다."
478,과학,exact,0.4085468649864197,"별의 거리를 구하는 방법을 알고, 별의 표면 온도를 색으로 비교할 수 있다.","자석의 운동에 의해 전류가 발생하는 현상을 관찰하고, 역학적 에너지가 전기 에너지로 전환됨을 설명할 수 있다."
479,국어,exact,0.7541059255599976,"협상의 중요성을 이해하고, 의견과 주장이 다른 상대와 협상을 통해 문제를 해결한다.",협상에서 서로 만족할 만한 대안을 탐색하여 의사 결정을 한다
480,국어,exact,0.6810559630393982,자신의 일상에서 의미 있는 경험을 찾아 다양한 작품으로 표현한다.,자신의 경험과 성찰을 담아 정서를 표현하는 글을 쓴다
481,국어,exact,0.3219749927520752,문장의 구조를 탐구하고 자신의 생각을 다양한 구조의 문장으로 표현할 수 있다.,일상생활에서 국어를 바르게 사용하는 태도를 지닌다.
482,국어,exact,0.4882795810699463,"영상이나 인터넷 등의 매체 특성을 고려하여 생각이나 느낌, 경험을 표현한다.",문학 작품에 나타난 작가의 개성을 이해하고 작품을 감상한다.
483,국어,exact,0.7990502119064331,사회적으로 의미가 있는 내용을 매체 자료로 구성하여 발표한다.,매체 자료를 활용하여 내용을 효과적으로 발표한다
484,국어,exact,0.6829209923744202,읽기는 글에 나타난 정보와 독자의 배경지식을 활용하여 문제를 해결하는 과정임을 이해하고 글을 읽는다.,문단과 글에서 중심 생각을 파악하고 내용을 간추린다.
485,국어,exact,0.42936038970947266,긍정적인 읽기 동기를 형성하고 적극적으로 읽기에 참여하는 태도를 기른다.,글의 구조를 고려하며 주제나 주장을 파악하고 글 내용을 요약한다.
486,국어,exact,0.5531380772590637,글과 담화에 쓰인 시간 표현을 이해하고 상황에 맞게 표현한다.,단어를 분류하고 국어사전을 활용하여 능동적인 국어 활동을 한다.
487,국어,exact,0.6139944195747375,글의 전달과 사회적 파급력과 연관된 매체의 효과와 특성을 고려하여 내용을 선정하고 조직하여 책임감 있게 인터넷상의 글쓰기를 한다.,작문 맥락에 대한 분석을 바탕으로 여러 가지 타당한 근거를 제시하여 주장하는 글을 쓴다.
488,국어,exact,0.48822182416915894,비유적 표현의 효과에 유의하여 작품을 감상한다.,글의 구조를 고려하며 주제나 주장을 파악하고 글 내용을 요약한다.
489,국어,exact,0.6141445636749268,"근거를 바탕으로 작품을 해석하고, 다른 해석들과 비교하여 자신의 해석을 평가한다.",보는 이나 말하는 이의 특성과 효과를 파악하며 작품을 감상한다.
490,국어,exact,0.28253990411758423,체험한 일에 대한 감상을 나타내는 글을 쓴다.,상황과 상대의 입장을 이해하고 예의를 지키며 대화한다.
491,국어,exact,0.9353691935539246,쓰기 윤리의 중요성을 인식하고 책임감 있는 태도로 글을 쓴다.,쓰기 윤리를 지키며 글을 쓰는 태도를 지닌다.
492,국어,exact,0.7371299266815186,다양한 자료를 재구성하여 내용을 체계적으로 조직하고 청중이 이해하기 쉽게 발표한다.,목적과 주제에 알맞게 자료를 정리하여 자신감 있게 발표한다.
493,국어,exact,0.5667116045951843,자신의 읽기 과정을 점검하고 효과적으로 조정하며 읽는다.,자신의 진로나 관심사와 관련된 글을 자발적으로 찾아 읽는 태도를 지닌다.
494,국어,exact,0.93089759349823,한글 맞춤법의 기본 원리와 내용을 이해하고 국어생활에 적용한다.,한글 맞춤법의 기본 원리와 내용을 이해한다.
495,국어,exact,0.3329314887523651,상황과 상대의 입장을 이해하고 예의를 지키며 대화한다.,작품을 읽고 자신의 삶과 연관 지어 성찰하는 태도를 지닌다.
496,국어,exact,0.4880484640598297,문장 성분을 이해하고 호응 관계가 올바른 문장을 구성한다.,상대의 말을 경청하고 상대의 감정과 입장에 공감하는 반응을 보이며 대화한다.
497,국어,exact,0.6132372617721558,쓰기 맥락을 고려하여 쓰기 과정을 점검·조정하며 글을 고쳐 쓴다.,쓰기 윤리의 중요성을 인식하고 책임감 있는 태도로 글을 쓴다.
498,국어,exact,0.5768442749977112,읽기의 과정과 원리를 이해하고 자신의 읽기 과정을 점검하며 조절한다.,글의 내용을 토대로 질문을 생성하며 능동적으로 읽는다
499,국어,partial,0.4242921769618988,자신의 경험과 성찰을 담아 정서를 표현하는 글을 쓴다,문학 작품은 구성 요소들과 전체가 유기적 관계를 맺고 있는 구조물임을 이해하고 문학 활동을 한다.
500,국어,exact,0.7485901117324829,주체적인 관점에서 작품을 해석하고 평가하며 문학을 생활화하는 태도를 지닌,문학의 수용과 생산 활동을 통해 다양한 사회·문화적 가치를 이해하고 평가한다
501,국어,exact,0.6303600072860718,글이 독자와 사회에 끼치는 영향을 고려하여 책임감 있게 글을 쓰는 태도를 지닌다.,매체에 드러난 필자의 관점이나 표현 방법의 적절성을 평가하며 읽는다.
502,국어,exact,0.5129678249359131,다양한 표현을 활용하여 자신의 생각과 느낌이 드러나는 글을 쓰고 독자와 공유한다.,자신과 주변의 다양한 국어 실천 양상을 비판적으로 분석하여 언어와 자아 및 세계 사이의 관계를 인식한다.
503,국어,exact,0.5867675542831421,사회·문화·역사적 상황을 바탕으로 작품의 의미를 파악한다.,자신의 주체적인 관점에서 작품을 평가한다.
504,국어,exact,0.5276901125907898,글이나 자료를 읽고 내용의 타당성과 표현의 적절성을 평가한다.,긍정적인 읽기 동기를 형성하고 적극적으로 읽기에 참여하는 태도를 기른다.
505,국어,exact,0.784457802772522,문학의 수용과 생산 활동을 통해 다양한 사회·문화적 가치를 이해하고 평가한다,문학은 가치 있는 내용을 언어로 형상화한 예술이며 사회적 소통 활동임을 이해한다.
506,국어,exact,0.47900107502937317,개인이나 집단에 따라 듣기와 말하기의 방법이 다양함을 이해하고 듣기·말하기 활동을 한다,주변에서 일어나는 문제에 대해 의견을 조정하며 토의한다.
507,국어,exact,0.6100492477416992,매체의 특성이 쓰기의 내용과 형식에 미치는 영향을 고려하여 글을 효과적으로 쓴다.,글을 쓰는 데 필요한 작문의 과정과 관습을 이해한다.
508,국어,exact,0.775734543800354,문학은 가치 있는 내용을 언어로 형상화한 예술이며 사회적 소통 활동임을 이해한다.,문학이 인간의 삶에 어떤 가치를 지니는지 이해한다.
509,국어,exact,0.5984144806861877,작품을 읽고 자신의 삶과 연관 지어 성찰하는 태도를 지닌다.,비유적 표현의 효과에 유의하여 작품을 감상한다.
510,국어,exact,0.9085443615913391,어휘의 유형과 의미 관계를 이해하고 활용한다.,어휘의 체계와 양상을 탐구하고 활용한다.
511,국어,exact,0.4397493600845337,쟁점과 이해관계를 고려하여 문제를 해결할 수 있는 대안을 탐색하며 협상한다.,상대의 말을 경청하고 상대의 감정과 입장에 공감하는 반응을 보이며 대화한다.
512,국어,exact,0.7508852481842041,목적과 상대에 따라 말하기 방식의 차이를 고려하며 대화를 나눈다.,담화 공동체에 따른 듣기ㆍ말하기 방식의 다양성을 고려하여 듣고 말한다.
513,국어,exact,0.30780357122421265,"언어폭력의 문제점을 성찰하고, 서로를 존중하는 표현을 사용하여 말한다.",인간의 성장을 다룬 작품을 읽으며 문학의 가치를 내면화한다.
514,국어,exact,0.7297348976135254,문학 작품은 구성 요소들과 전체가 유기적 관계를 맺고 있는 구조물임을 이해하고 문학 활동을 한다.,"문학이 정서적, 심미적 삶을 고양함을 이해하고 작품을 수용·생산한다."
515,국어,exact,0.5817622542381287,"주제, 목적, 독자를 고려하여 쓰기 과정을 계획하고, 점검하고 조정한다",쓰기 윤리의 중요성을 인식하고 책임감 있는 태도로 글을 쓴다.
516,국어,exact,0.3867933452129364,문법 요소의 특징을 탐구하고 상황에 맞게 사용한다,국어를 사랑하고 국어 발전에 참여하는 태도를 지닌다.
517,국어,exact,0.6044812202453613,작품의 창작 의도와 소통 맥락을 고려하며 작품을 수용한다.,문학 작품에 나타난 작가의 개성을 이해하고 작품을 감상한다.
518,국어,exact,0.805655837059021,듣기와 말하기의 소통과정을 이해하고 효율적인 듣기와 말하기 계획을 세운다.,듣기·말하기는 의미 공유의 과정임을 이해하고 듣기·말하기 활동을 한다.
519,국어,exact,0.4652990698814392,보는 이나 말하는 이의 특성과 효과를 파악하며 작품을 감상한다.,인간의 성장을 다룬 작품을 읽으며 문학의 가치를 내면화한다.
520,국어,exact,0.3886643648147583,글에서 생략된 내용이나 함축된 표현을 문맥을 고려하여 추론한다.,작품을 읽고 자신의 삶과 연관 지어 성찰하는 태도를 지닌다.
521,국어,exact,0.5218372344970703,자신의 쓰기 과정을 점검하며 쓰기에 자신감을 갖는다.,"자신의 경험을 시, 소설, 극, 수필 등 적절한 갈래로 표현한다."
522,국어,exact,0.649400532245636,영상 언어의 특성을 살려 영상으로 이야기를 구성한다.,"영상이나 인터넷 등의 매체 특성을 고려하여 생각이나 느낌, 경험을 표현한다."
523,국어,exact,0.7689932584762573,논증 방식을 파악하며 주장하는 글을 읽는다.,주장하는 내용에 맞게 타당한 근거를 들어 글을 쓴다.
524,국어,exact,0.3968355357646942,듣기·말하기는 의미 공유의 과정임을 이해하고 듣기·말하기 활동을 한다.,글의 전달과 사회적 파급력과 연관된 매체의 효과와 특성을 고려하여 내용을 선정하고 조직하여 책임감 있게 인터넷상의 글쓰기를 한다.
525,국어,exact,0.6567643284797668,읽기의 가치와 중요성을 깨닫고 읽기를 생활화하는 태도를 지닌다.,읽기는 읽기를 통해 서로 영향을 주고받으며 소통하는 사회적 상호 작용 행위임을 이해하고 글을 읽는다.
526,국어,partial,0.5040903687477112,인간의 성장을 다룬 작품을 읽으며 삶을 성찰하는 태도를 지닌다.,도서관이나 인터넷에서 관련 자료를 찾아 참고하면서 한 편의 글을 읽는다.
527,국어,exact,0.3208012580871582,대화에서 생략된 내용을 추론하며 듣는다.,고유어와 관용 표현의 쓰임과 가치를 이해하고 상황에 맞게 표현한다.
528,국어,exact,0.7098866701126099,표준 발음을 이해하고 정확하게 발음하는 국어생활을 한다.,음운 변동을 탐구하여 발음과 표기에 올바르게 적용한다.
529,국어,exact,0.7065654993057251,중요한 내용과 주제를 파악하며 듣고 그 내용을 요약한다.,설명 방식을 파악하며 설명하는 글을 읽는다.
530,국어,exact,0.5050184726715088,여러 가지 독서 방법을 이해하고 상황에 맞는 독서 방법을 적용하여 글을 읽는다.,대화의 원리를 이해하고 상황과 대상에 맞게 언어 예절을 갖추어 말한다.
531,국어,exact,0.6236135363578796,담화의 구조를 고려하여 적절한 어휘와 문장으로 응집성 있는 담화를 구성한다.,고유어와 관용 표현의 쓰임과 가치를 이해하고 상황에 맞게 표현한다.
532,국어,exact,0.5432032346725464,언어의 본질과 기능을 이해한다.,설명하고자 하는 대상이나 개념에 맞게 적절한 설명 방법을 사용하여 독자가 이해하기 쉽게 글을 쓴다.
533,국어,exact,0.6114243268966675,화법의 다양성을 이해하고 서로 다른 집단 간의 소통의 중요성을 안다.,문법적 기능을 담당하는 요소들의 특징을 이해하고 담화 상황에 맞게 사용할 수 있다.
534,국어,exact,0.5751378536224365,주제에 적절한 의견과 이유를 제시하고 서로의 생각을 교환하며 토의한다.,상황과 상대의 입장을 이해하고 예의를 지키며 대화한다.
535,국어,exact,0.44708070158958435,질문을 활용하여 글을 예측하며 읽고 자신의 읽기 과정을 점검한다.,자신의 경험을 개성적인 발상과 표현으로 형상화한다.
536,국어,exact,0.7024288773536682,읽기 목적을 고려하여 자신의 읽기 방법을 점검하고 조정하며 읽는다,읽기는 글에 나타난 정보와 독자의 배경지식을 활용하여 문제를 해결하는 과정임을 이해하고 글을 읽는다.
537,국어,exact,0.6588808298110962,주장을 뒷받침할 수 있는 타당한 근거를 들고 적절한 표현을 사용하여 주장하는 글을 쓴다.,주장을 파악하고 이유나 근거가 타당한지 평가하며 듣는다.
538,국어,exact,0.41221240162849426,면담의 절차를 이해하고 상대와 매체를 고려하여 면담한다.,대상에 대한 자신의 의견과 그렇게 생각한 이유가 드러나게 글을 쓴다.
539,국어,exact,0.7194507122039795,설명 방식을 파악하며 설명하는 글을 읽는다.,글의 내용을 토대로 질문을 생성하며 능동적으로 읽는다
540,국어,exact,0.47567564249038696,비유적 표현의 특성과 효과를 살려 생각과 느낌을 다양하게 표현한다,매체 자료를 활용하여 내용을 효과적으로 발표한다
541,국어,exact,0.7415708303451538,글과 담화에 쓰인 높임 표현과 지시ㆍ접속 표현을 이해하고 상황에 맞게 표현한다.,상황에 적절한 준언어・비언어적 표현을 활용하여 듣고 말한다.
542,국어,exact,0.577820897102356,매체 자료를 활용하여 내용을 효과적으로 발표한다,글의 전달과 사회적 파급력과 연관된 매체의 효과와 특성을 고려하여 내용을 선정하고 조직하여 책임감 있게 인터넷상의 글쓰기를 한다.
543,국어,exact,0.45759302377700806,글의 구조를 고려하며 주제나 주장을 파악하고 글 내용을 요약한다.,국어의 변천을 이해하고 국어의 발전 방향을 탐구한다.
544,국어,exact,0.6645473837852478,독자와 매체를 고려하여 내용을 생성하고 표현하며 글을 쓴다.,글과 담화에 쓰인 시간 표현을 이해하고 상황에 맞게 표현한다.
545,국어,exact,0.6355651021003723,음운 변동의 규칙성을 탐구하고 자연스러운 발음의 원리를 이해한다.,올바른 문장 표현과 효과적인 담화 표현의 양상을 탐구한다.
546,국어,exact,0.27037209272384644,언어폭력의 문제점을 인식하고 상대를 배려하며 말하는 태도를 지닌다.,"매체 자료의 유형과 기능을 이해하고, 매체 자료를 효과적으로 활용하여 정보를 전달한다."
547,국어,exact,0.7906970381736755,자신의 삶과 경험을 바탕으로 독자에게 감동이나 즐거움을 주는 글을 쓴다.,자신의 경험과 성찰을 담아 정서를 표현하는 글을 쓴다
548,국어,exact,0.4373737573623657,기본적인 문장의 짜임을 이해하고 적절하게 사용한다.,적합한 양식과 수용자의 반응을 고려하여 복합양식 매체 자료를 제작하고 공유한다.
549,국어,exact,0.7168003916740417,인상적인 부분을 중심으로 작품에 대한 의견을 나눈다.,작품을 듣거나 읽고 마음에 드는 작품을 소개한다.
550,국어,exact,0.47880327701568604,자신의 삶과 경험을 바탕으로 정서를 진솔하게 표현하는 글을 쓴다.,"주제, 목적, 독자를 고려하여 쓰기 과정을 계획하고, 점검하고 조정한다"
551,국어,exact,0.8700792789459229,주장하는 내용에 맞게 타당한 근거를 들어 글을 쓴다.,작문 맥락에 대한 분석을 바탕으로 여러 가지 타당한 근거를 제시하여 주장하는 글을 쓴다.
552,국어,exact,0.45758360624313354,상황에 적절한 준언어・비언어적 표현을 활용하여 듣고 말한다.,글의 구조를 고려하며 주제나 주장을 파악하고 글 내용을 요약한다.
553,국어,exact,0.22578133642673492,재미나 감동을 느끼며 작품을 즐겨 감상하는 태도를 지닌다.,글에서 생략된 내용이나 함축된 표현을 문맥을 고려하여 추론한다.
554,국어,exact,0.6481573581695557,적절한 근거를 사용하고 인용의 출처를 밝히며 주장하는 글을 쓴다.,목적과 주제에 알맞게 자료를 정리하여 자신감 있게 발표한다.
555,국어,exact,0.4249665439128876,정보 검색 도구를 활용하여 자신의 목적에 맞는 매체 자료를 찾는다.,글과 담화에 쓰인 시간 표현을 이해하고 상황에 맞게 표현한다.
556,국어,exact,0.48145273327827454,"자신의 경험을 시, 소설, 극, 수필 등 적절한 갈래로 표현한다.",재미나 감동을 느끼며 작품을 즐겨 감상하는 태도를 지닌다.
557,국어,exact,0.4095541536808014,절차와 규칙을 지키고 근거를 제시하며 토론한다.,설명하고자 하는 대상이나 개념에 맞게 적절한 설명 방법을 사용하여 독자가 이해하기 쉽게 글을 쓴다.
558,국어,exact,0.7288134694099426,"단어의 짜임과 의미, 단어 간의 의미 관계를 중심으로 어휘를 이해하고 담화에 적절히 활용한다.",세대⋅분야⋅매체에 따른 어휘의 양상과 쓰임을 분석하고 다양한 집단과 사회의 언어에 관용적 태도를 지닌다.
559,국어,exact,0.2617895305156708,글에 나타난 사실과 의견을 구분하고 필자와 자신의 의견을 비교한다.,일상생활에서 국어를 바르게 사용하는 태도를 지닌다.
560,국어,exact,0.6531280279159546,대화의 원리를 이해하고 상황과 대상에 맞게 언어 예절을 갖추어 말한다.,화법의 다양성을 이해하고 서로 다른 집단 간의 소통의 중요성을 안다.
561,국어,exact,0.6259473562240601,자신의 진로나 관심사와 관련된 글을 자발적으로 찾아 읽는 태도를 지닌다.,삶의 문제에 대한 해결 방안이나 필자의 생각에 대한 대안을 찾으며 읽는다.
562,국어,exact,0.30780357122421265,인간의 성장을 다룬 작품을 읽으며 문학의 가치를 내면화한다.,"언어폭력의 문제점을 성찰하고, 서로를 존중하는 표현을 사용하여 말한다."
563,국어,exact,0.6105968952178955,논제에 따라 쟁점별로 논증을 구성하여 토론에 참여한다.,주장하는 내용에 맞게 타당한 근거를 들어 글을 쓴다.
564,국어,exact,0.5489462614059448,문장의 짜임을 이해하고 표현 효과를 고려하여 문장을 구성한다.,세대⋅분야⋅매체에 따른 어휘의 양상과 쓰임을 분석하고 다양한 집단과 사회의 언어에 관용적 태도를 지닌다.
565,국어,exact,0.7213170528411865,"글에 사용된 다양한 설명 방법과 논증 방법을 파악하고, 그 타당성을 평가하며 읽는다.",알맞은 내용을 선정하여 대상의 특성이 나타나게 설명하는 글을 쓴다.
566,국어,exact,0.6892723441123962,자신의 주체적인 관점에서 작품을 평가한다.,다양한 관점과 방법으로 작품을 해석한다.
567,국어,exact,0.6819890737533569,자신의 삶을 성찰하고 계획하는 글을 쓴다.,자신의 경험과 성찰을 담아 정서를 표현하는 글을 쓴다
568,국어,exact,0.4344010353088379,의견의 차이가 드러나는 문제에 대해 타당한 근거를 들어 주장하는 글을 쓴다.,의사소통 과정을 점검하고 조정하며 듣고 말한다
569,국어,exact,0.3796026110649109,설득 전략을 비판적으로 분석하며 듣는다.,"독서의 목적과 상황, 독자의 흥미나 가치관 등을 고려하여 글을 스스로 선택하여 읽는 태도를 기른다."
570,국어,exact,0.8471689224243164,"문학이 정서적, 심미적 삶을 고양함을 이해하고 작품을 수용·생산한다.",문학이 인간의 삶에 어떤 가치를 지니는지 이해한다.
571,국어,exact,0.3671637177467346,일상생활에서 국어를 바르게 사용하는 태도를 지닌다.,화법의 다양성을 이해하고 서로 다른 집단 간의 소통의 중요성을 안다.
572,국어,exact,0.5612338781356812,동일한 대상을 다룬 서로 다른 글을 읽고 관점과 내용을 차이를 비교한다.,글의 내용을 토대로 질문을 생성하며 능동적으로 읽는다
573,국어,exact,0.7234489321708679,"독서의 목적과 상황, 독자의 흥미나 가치관 등을 고려하여 글을 스스로 선택하여 읽는 태도를 기른다.","읽기의 가치와 중요성을 깨닫고, 읽기를 생활화하려는 태도를 지닌다."
574,국어,exact,0.4878256916999817,한글의 창제 원리와 가치를 이해한다.,음운 체계를 탐구하고 그 특징을 이해한다.
575,국어,exact,0.7385876178741455,한글 맞춤법의 원리와 내용을 알고 교양 있는 표기 생활에 대해 알아본다.,한글의 창제 원리와 가치를 이해한다.
576,국어,exact,0.5081532001495361,다양한 유형의 담화와 매체를 대상으로 언어의 공공성을 이해하고 평가한다.,작품 구성 요소의 유기적 관계와 맥락에 유의하여 작품을 수용하고 생산한다.
577,국어,exact,0.5704941749572754,글의 의미를 구성하는 사고 과정으로서 독서의 특성을 이해한다.,전승 과정에 유의하여 한국 문학의 흐름을 이해한다.
578,기술가정,exact,0.48745763301849365,"건강한 가족 형성의 기반이 되는 사랑과 결혼의 의미를 이해하고, 행복한 결혼에 대한 가치를 탐색한다.","청소년기 또래 문화의 특징을 이해하고, 친구 관계에서 발생하는 문제를 분석하여 건강한 친구 관계를 유지하기 위한 방안을 제안한다."
579,기술가정,exact,0.333072304725647,"이상적인 배우자상에 대한 개인적·사회적 고정 관념을 성찰하고, 행복한 가정생활을 위한 배우자 선택 기준을 제안한다.",표준화가 되어 있지 않아 불편한 사례를 찾아 해결 방안을 탐색하고 실현하며 평가한다.
580,기술가정,exact,0.5088640451431274,"부모 됨의 의미를 인식하고, 책임 있는 부모가 되기 위해 필요한 역량을 탐색한다.","가족 관계에서 발생하는 갈등의 원인과 배경을 분석하고, 효과적인 의사소통을 통해 가족 간의 갈등 해결 방안을 탐색하여 실천한다."
581,기술가정,exact,0.5368821024894714,"신생아기, 영·유아기, 아동기의 발달 특징을 이해하고 이에 따른 자녀 돌보기의 방법을 익혀 부모가 되기 위해 필요한 역량을 추론한다.","청소년기 또래 문화의 특징을 이해하고, 친구 관계에서 발생하는 문제를 분석하여 건강한 친구 관계를 유지하기 위한 방안을 제안한다."
582,기술가정,exact,0.4551440477371216,"경제적 자립의 태도를 갖추기 위해 개인과 가족의 상황에 맞는 가계 재무 설계의 필요성을 이해하고, 가정경제 관리 방안을 계획한다.",의복 재료의 특성을 이해하고 건강과 환경을 고려한 의복의 세탁과 관리 방안을 탐색하여 실천한다.
583,기술가정,exact,0.34344494342803955,"경제적 자립의 태도를 갖추기 위해 개인과 가족의 상황에 맞는 가계 재무 설계의 필요성을 이해하고, 가정경제 관리 방안을 계획한다.",수송 수단 및 물류 체제와 관련된 문제를 이해하고 해결방안을 탐색하여 실현하고 평가한다.
584,기술가정,exact,0.6693214178085327,"경제적 자립의 태도를 갖추기 위해 개인과 가족의 상황에 맞는 가계 재무 설계의 필요성을 이해하고, 가정경제 관리 방안을 계획한다.","저출생·고령사회에서 생활 설계의 필요성을 인식하고, 전 생애에 걸친 안정적인 삶을 준비하기 위한 생활을 설계한다."
585,기술가정,exact,0.39882975816726685,소비자의 안전을 위협하는 다양한 문제를 비판적으로 성찰하며 소비자 시민성을 반영한 소비생활을 실천한다.,"공학의 개념을 정의하고 공학의 설계 과정을 이해하며, 공학의 혁신 사례를 조사하여 공학의 가치를 인식한다."
586,기술가정,exact,0.5748720765113831,개인 및 가족의 생애 주기에 따른 맞춤형 스마트 복지 현황을 파악하고 자신이 설정한 삶의 목표 실현에 적용할 수 있는 복지서비스 정책을 제안한다.,"저출생·고령사회에서 생활 설계의 필요성을 인식하고, 전 생애에 걸친 안정적인 삶을 준비하기 위한 생활을 설계한다."
587,기술가정,exact,0.6086177825927734,개인 및 가족의 생애 주기에 따른 맞춤형 스마트 복지 현황을 파악하고 자신이 설정한 삶의 목표 실현에 적용할 수 있는 복지서비스 정책을 제안한다.,"경제적 자립의 태도를 갖추기 위해 개인과 가족의 상황에 맞는 가계 재무 설계의 필요성을 이해하고, 가정경제 관리 방안을 계획한다."
588,기술가정,exact,0.6189141273498535,"성년기의 성과 사랑에 관하여 탐구하고, 성인으로서의 독립과 자신과 타인을 보호하는 건강한 관계 맺기의 의미를 추론한다.",가족 내 소통과 협력의 태도를 기르기 위하여 중년기와 청소년기의 발달 특성을 인식하고 차이와 공통점을 탐구하여 자신과 가족의 생활에 적용한다.
589,기술가정,exact,0.6189141273498535,"성년기의 성과 사랑에 관하여 탐구하고, 성인으로서의 독립과 자신과 타인을 보호하는 건강한 관계 맺기의 의미를 추론한다.",가족 내 소통과 협력의 태도를 기르기 위하여 중년기와 청소년기의 발달 특성을 인식하고 차이와 공통점을 탐구하여 자신과 가족의 생활에 적용한다.
590,기술가정,exact,0.6189141273498535,"성년기의 성과 사랑에 관하여 탐구하고, 성인으로서의 독립과 자신과 타인을 보호하는 건강한 관계 맺기의 의미를 추론한다.",가족 내 소통과 협력의 태도를 기르기 위하여 중년기와 청소년기의 발달 특성을 인식하고 차이와 공통점을 탐구하여 자신과 가족의 생활에 적용한다.
591,기술가정,exact,0.6189141869544983,가족 내 소통과 협력의 태도를 기르기 위하여 중년기와 청소년기의 발달 특성을 인식하고 차이와 공통점을 탐구하여 자신과 가족의 생활에 적용한다.,"성년기의 성과 사랑에 관하여 탐구하고, 성인으로서의 독립과 자신과 타인을 보호하는 건강한 관계 맺기의 의미를 추론한다."
592,기술가정,exact,0.7720416784286499,기술의 발달에 따라 개량되거나 만들어진 제품을 통해 최신 기술의 활용과 발전 방향을 예측하여 발표한다.,"제조 기술의 특징과 발달 과정, 재료의 특성과 이용을 설명하고 제조 기술의 발달 전망을 예측한다."
593,기술가정,exact,0.7672524452209473,"정보 통신 기술 분야의 첨단 기술에 대하여 조사해 보고, 정보 통신 산업의 발전 방안을 토의하고 발표한다.","정보 통신 기술의 특성, 발달 과정을 이해하고, 현대 정보 통신 기술의 특징을 설명한다."
594,기술가정,exact,0.6710675358772278,첨단 기술과 관련된 문제를 이해한다.,"정보 통신 기술의 특성, 발달 과정을 이해하고, 현대 정보 통신 기술의 특징을 설명한다."
595,기술가정,exact,0.6561484932899475,"미래의 기술 변화를 예측하고, 그에 따른 직업 세계의 변화를 전망한다.",첨단 기술과 관련된 문제를 이해한다.
596,기술가정,exact,0.7781573534011841,디지털 기반 설계 및 제조 과정을 이용해 공학적 문제를 해결할 수 있는 제품을 제작하고 산출물을 평가하는 과정에서 공학에 대한 도전적 태도를 기른다.,"공학의 개념을 정의하고 공학의 설계 과정을 이해하며, 공학의 혁신 사례를 조사하여 공학의 가치를 인식한다."
597,기술가정,exact,0.6462315320968628,디지털 기반 설계 및 제조 과정을 이용해 공학적 문제를 해결할 수 있는 제품을 제작하고 산출물을 평가하는 과정에서 공학에 대한 도전적 태도를 기른다.,"기술의 표준화, 적정 기술과 같은 기술 활용 사례를 탐구하고, 기술이 사회에 미치는 영향을 바르게 인식하여 기술 혁신과 사회 발전에 참여하는 태도를 갖는다."
598,기술가정,exact,0.555211067199707,"첨단 수송수단 및 항공우주 분야에 사용되는 공학적 지식을 분석하고, 발달 현황 및 미래의 방안을 토의하고 발표하며, 첨단 수송수단 및 항공우주와 관련된 공학 문제를 창의적으로 해결한다.","수송 수단의 안전한 이용 방법을 알고, 사고 원인과 예방 및 대처 방법을 조사하고 실천한다."
599,기술가정,exact,0.4484465718269348,발명과 표준에 관련된 체험 활동을 통하여 기술적 문제를 창의적으로 해결한다.,"표준의 개념과 중요성을 알고 표준화의 영향을 분석하고, 평가한다."
600,기술가정,exact,0.6600518226623535,발명과 표준에 관련된 체험 활동을 통하여 기술적 문제를 창의적으로 해결한다.,"발명의 개념, 특징을 이해하고 지식 재산권 침해 사례를 분석하고 발표한다."
601,기술가정,exact,0.6332229375839233,발명과 표준에 관련된 체험 활동을 통하여 기술적 문제를 창의적으로 해결한다.,일상생활에서 사용되는 제품들이 기술적 문제 해결 과정을 통해 개발되고 발전하고 있음을 이해한다.
602,기술가정,exact,0.6431266665458679,"사회적, 경제적, 환경적 측면에서 지속 가능한 발전 방안을 모색하고 적용할 수 있는 기술의 분야를 조사한다.",첨단 기술과 관련된 문제를 이해한다.
603,기술가정,exact,0.8196921944618225,"사회적, 경제적, 환경적 측면에서 지속 가능한 발전 방안을 모색하고 적용할 수 있는 기술의 분야를 조사한다.","적정 기술, 지속 가능한 발전과 관련된 문제를 창의적으로 탐색하고 실현하며 평가한다."
604,기술가정,exact,0.7980641722679138,"적정 기술, 지속 가능한 발전과 관련된 문제를 창의적으로 탐색하고 실현하며 평가한다.","정보 통신 기술과 관련된 문제를 이해하고, 해결책을 창의적으로 탐색하고 실현하며 평가한다."
605,기술가정,exact,0.8196923136711121,"적정 기술, 지속 가능한 발전과 관련된 문제를 창의적으로 탐색하고 실현하며 평가한다.","사회적, 경제적, 환경적 측면에서 지속 가능한 발전 방안을 모색하고 적용할 수 있는 기술의 분야를 조사한다."
606,기술가정,exact,0.730097770690918,"적정 기술, 지속 가능한 발전과 관련된 문제를 창의적으로 탐색하고 실현하며 평가한다.",발명과 표준에 관련된 체험 활동을 통하여 기술적 문제를 창의적으로 해결한다.
607,기술가정,exact,0.6357965469360352,"청소년기 또래 문화의 특징을 이해하고, 친구 관계에서 발생하는 문제를 분석하여 건강한 친구 관계를 유지하기 위한 방안을 제안한다.","가족 관계에서 발생하는 갈등의 원인과 배경을 분석하고, 효과적인 의사소통을 통해 가족 간의 갈등 해결 방안을 탐색하여 실천한다."
608,기술가정,exact,0.4441671073436737,"청소년기의 건강한 발달을 위협하는 스트레스, 분노, 우울 등의 여러 가지 행동 및 심리 문제의 원인을 분석하고, 적응 유연성을 기를 수 있는 다양한 예방 및 해결방안을 탐색하여 적용한다.","저출생·고령사회에서 생활 설계의 필요성을 인식하고, 전 생애에 걸친 안정적인 삶을 준비하기 위한 생활을 설계한다."
609,기술가정,exact,0.810285210609436,"가족 관계에서 발생하는 갈등의 원인과 배경을 분석하고, 효과적인 의사소통을 통해 가족 간의 갈등 해결 방안을 탐색하여 실천한다.","가족 문화의 의미를 이해하고, 세대 간 관계를 조화롭게 영위할 수 있는 방안을 탐색하여 가족 관계에 적용한다."
610,기술가정,exact,0.45204880833625793,"성적 자기 결정권의 중요성을 이해하고, 성인지 감수성과 건강한 성 가치관을 함양하여 상호 존중의 관계를 실천할 수 있는 방안을 탐색한다.","임신 중 생활과 출산의 과정을 이해하고, 계획적인 임신과 건강한 출산을 위한 방안을 탐색한다."
611,기술가정,exact,0.5896239280700684,"생활자원의 종류와 특성 및 순환과정을 이해하고, 의식주 자원관리의 중요성을 인식한다.","생활공간으로서 주거환경의 조건을 분석하고, 쾌적하고 안전한 주거 관리 방안을 탐색하여 실생활에 적용한다."
612,기술가정,exact,0.5025290250778198,"생활자원의 종류와 특성 및 순환과정을 이해하고, 의식주 자원관리의 중요성을 인식한다.","지속가능성을 고려하여 의복 마련 계획을 세우고, 이를 창의적이고 친환경적인 의생활에 적용한다."
613,기술가정,exact,0.6341866850852966,"건강과 환경을 고려한 식품의 선택, 관리, 보관 방법을 탐색하여 실생활에 적용한다.",개인과 가족의 영양 요구와 지속가능성을 충족하는 식사를 계획하고 조리한다.
614,기술가정,exact,0.6341866254806519,개인과 가족의 영양 요구와 지속가능성을 충족하는 식사를 계획하고 조리한다.,"건강과 환경을 고려한 식품의 선택, 관리, 보관 방법을 탐색하여 실생활에 적용한다."
615,기술가정,exact,0.7712634801864624,의복 재료의 특성을 이해하고 건강과 환경을 고려한 의복의 세탁과 관리 방안을 탐색하여 실천한다.,"지속가능성을 고려하여 의복 마련 계획을 세우고, 이를 창의적이고 친환경적인 의생활에 적용한다."
616,기술가정,exact,0.616926372051239,의복 재료의 특성을 이해하고 건강과 환경을 고려한 의복의 세탁과 관리 방안을 탐색하여 실천한다.,"생활자원의 종류와 특성 및 순환과정을 이해하고, 의식주 자원관리의 중요성을 인식한다."
617,기술가정,exact,0.502528965473175,"지속가능성을 고려하여 의복 마련 계획을 세우고, 이를 창의적이고 친환경적인 의생활에 적용한다.","생활자원의 종류와 특성 및 순환과정을 이해하고, 의식주 자원관리의 중요성을 인식한다."
618,기술가정,exact,0.502528965473175,"지속가능성을 고려하여 의복 마련 계획을 세우고, 이를 창의적이고 친환경적인 의생활에 적용한다.","생활자원의 종류와 특성 및 순환과정을 이해하고, 의식주 자원관리의 중요성을 인식한다."
619,기술가정,exact,0.46499568223953247,"주거의 의미와 가치가 변화함에 따라 나타나는 다양한 생활 양식을 탐색하고, 더불어 살아가는 주거 문화를 실천한다.",생활 속 문제를 찾아 아이디어를 구상하고 확산적 · 수렴적 사고 기법을 활용하여 창의적으로 해결한다.
620,기술가정,exact,0.5162853598594666,"가족 구성원의 요구, 영양적 균형을 고려한 한 끼 식사를 계획하고, 위생과 안전을 고려하여 조리한 후 평가한다.","가족 문화의 의미를 이해하고, 세대 간 관계를 조화롭게 영위할 수 있는 방안을 탐색하여 가족 관계에 적용한다."
621,기술가정,exact,0.9178792238235474,"가족 구성원의 요구, 영양적 균형을 고려한 한 끼 식사를 계획하고, 위생과 안전을 고려하여 조리한 후 평가한다.","영양 섭취 기준과 식사 구성안을 고려하여 균형 잡힌 식사를 계획하고, 가족의 요구를 분석하여 식사를 선택한 후 평가한다."
622,기술가정,exact,0.4281424283981323,청소년 소비자의 특성을 이해하고 소비자 의사 결정 과정을 통한 합리적인 소비생활을 실천한다.,"생활자원의 종류와 특성 및 순환과정을 이해하고, 의식주 자원관리의 중요성을 인식한다."
623,기술가정,exact,0.3780606687068939,청소년 소비자의 특성을 이해하고 소비자 의사 결정 과정을 통한 합리적인 소비생활을 실천한다.,"지속가능성을 고려하여 의복 마련 계획을 세우고, 이를 창의적이고 친환경적인 의생활에 적용한다."
624,기술가정,exact,0.38988572359085083,"기술의 의미와 특성을 이해하고 기술의 발달에 따른 사회의 변화를 파악하며, 미래의 기술과 사회의 변화를 평가하고 예측함으로써 기술에 대한 가치를 인식한다.",제품의 제작 순서를 이해하고 올바른 도구를 선택하여 제품을 안전하게 제작하고 평가한다.
625,기술가정,exact,0.7225093841552734,"기술의 표준화, 적정 기술과 같은 기술 활용 사례를 탐구하고, 기술이 사회에 미치는 영향을 바르게 인식하여 기술 혁신과 사회 발전에 참여하는 태도를 갖는다.","공학의 개념을 정의하고 공학의 설계 과정을 이해하며, 공학의 혁신 사례를 조사하여 공학의 가치를 인식한다."
626,기술가정,exact,0.35868579149246216,"청소년기 소비 성향과 소비 환경을 이해하고, 구매 의사 결정 과정을 통해 합리적인 소비 생활을 실천한다.",일상생활에서 사용되는 제품들이 기술적 문제 해결 과정을 통해 개발되고 발전하고 있음을 이해한다.
627,기술가정,exact,0.5461475849151611,일 · 가정을 양립하는 과정에서 나타날 수 있는 문제를 개인 및 사회 · 문화적 차원에서 비판적으로 분석하여 해결 방안을 제안한다.,"건강한 가족 형성의 기반이 되는 사랑과 결혼의 의미를 이해하고, 행복한 결혼에 대한 가치를 탐색한다."
628,기술가정,exact,0.576079785823822,제품의 제작 순서를 이해하고 올바른 도구를 선택하여 제품을 안전하게 제작하고 평가한다.,디지털 기반 설계 및 제조 과정을 이용해 공학적 문제를 해결할 수 있는 제품을 제작하고 산출물을 평가하는 과정에서 공학에 대한 도전적 태도를 기른다.
629,기술가정,exact,0.641364574432373,"건설기술의 개념 및 발달과정, 건설 구조물의 종류와 특성을 이해하고, 건설 구조물의 혁신사례를 탐구함으로써 건설기술의 중요성을 인식한다.","기술의 의미와 특성을 이해하고 기술의 발달에 따른 사회의 변화를 파악하며, 미래의 기술과 사회의 변화를 평가하고 예측함으로써 기술에 대한 가치를 인식한다."
630,기술가정,exact,0.6423352956771851,"건설 구조물의 종류에 따른 계획, 설계, 시공, 유지관리 방법을 탐구하고 건설과정의 중요성을 이해하며 건설 구조물의 가치를 인식한다.",수송 수단 및 물류 체제와 관련된 문제를 이해하고 해결방안을 탐색하여 실현하고 평가한다.
631,기술가정,exact,0.7366380095481873,"제조 기술과 관련된 문제를 이해하고, 해결책을 창의적으로 탐색하고 실현하며 평가한다.",일상생활에서 사용되는 제품들이 기술적 문제 해결 과정을 통해 개발되고 발전하고 있음을 이해한다.
632,기술가정,exact,0.7118699550628662,"정보통신과 인공지능 기술의 활용 사례를 탐구하고, 정보통신과 인공지능 기술이 우리 삶에 미치는 영향을 다양한 관점에서 평가한다.","정보통신과 인공지능 기술 관련 문제를 이해하고 해결 방안을 탐색, 실현, 평가함으로써 긍정적인 문제 해결 태도를 갖는다."
633,기술가정,exact,0.5817276239395142,생명 기술 시스템의 각 단계별 세부 요소 및 생명 기술의 활용 분야를 이해하고 생명 기술의 발달을 예측한다.,"제조 기술과 관련된 문제를 이해하고, 해결책을 창의적으로 탐색하고 실현하며 평가한다."
634,기술가정,exact,0.6869754791259766,생명 기술의 특징을 이해하고 생명 기술의 발달이 개인과 사회에 미치는 영향을 구체적으로 설명한다.,"생명 기술이 인류의 식량 자원 확보에 기여할 수 있는 방안을 살펴보며, 로봇과통신 기술이 의료 기술과 원격 의료에 활용되는 사례를 알아본다."
635,기술가정,exact,0.7328815460205078,"수송 수단의 안전한 이용 방법을 알고, 사고 원인과 예방 및 대처 방법을 조사하고 실천한다.","자동차에 의한 사고의 원인과 사례를 알고, 사고 예방을 위한 올바른 이용 방법을 이해한다."
636,기술가정,exact,0.5103867650032043,기술적 문제에 대한 도전적 태도로 다양한 분야에 활용되고 있는 융합 기술의 사례를 탐구하고 미래의 기술 변화를 전망한다.,생활복지서비스와 일상생활에서 생성되는 빅데이터 적용의 의미를 파악하고 이를 활용하여 생활에 적용할 수 있는 새로운 복지 방안을 제안한다.
637,기술가정,exact,0.7706381678581238,에너지와 관련된 문제를 이해하고 해결책을 창의적으로 탐색하고 실현하며 평가한다.,"적정 기술, 지속 가능한 발전과 관련된 문제를 창의적으로 탐색하고 실현하며 평가한다."
638,기술가정,exact,0.6209943890571594,정보 기술 시스템의 각 단계별 세부 요소를 이해하고 정보의 통신 과정을 구체적으로 설명한다.,"정보 통신 기술과 관련된 문제를 이해하고, 해결책을 창의적으로 탐색하고 실현하며 평가한다."
639,기술가정,exact,0.6729382276535034,"정보 통신 기술의 특성, 발달 과정을 이해하고, 현대 정보 통신 기술의 특징을 설명한다.","정보 통신 기술과 관련된 문제를 이해하고, 해결책을 창의적으로 탐색하고 실현하며 평가한다."
640,기술가정,exact,0.6618685722351074,다양한 통신 매체의 종류와 특징을 이해하고 활용한다.,다양한 수송 수단과 물류 체제를 이해하고 발달과정 및 특징과 혁신적인 활용 사례를 조사하여 수송 분야의 발달을 전망한다.
641,기술가정,exact,0.4778273403644562,다양한 통신 매체의 종류와 특징을 이해하고 활용한다.,"건설 구조물의 종류에 따른 계획, 설계, 시공, 유지관리 방법을 탐구하고 건설과정의 중요성을 이해하며 건설 구조물의 가치를 인식한다."
642,기술가정,exact,0.8944395184516907,특허의 개념을 이해하고 지식 재산권 침해 사례를 분석하고 발표한다.,"발명의 개념, 특징을 이해하고 지식 재산권 침해 사례를 분석하고 발표한다."
643,기술가정,exact,0.6521315574645996,생활 속 문제를 찾아 아이디어를 구상하고 확산적 · 수렴적 사고 기법을 활용하여 창의적으로 해결한다.,적정 기술과 지속 가능 발전의 의미를 이해하고 적정 기술 체험 활동을 통해 문제를 창의적으로 탐색하고 실현하고 평가한다.
644,기술가정,exact,0.3621087074279785,표준화가 되어 있지 않아 불편한 사례를 찾아 해결 방안을 탐색하고 실현하며 평가한다.,"첨단 건설 기술의 핵심 기술과 동향을 파악하며, 건설 기술에서 활용되고 있는 재난 예방과 관련된 예를 조사하여 발표한다."
645,기술가정,exact,0.6521315574645996,적정 기술과 지속 가능 발전의 의미를 이해하고 적정 기술 체험 활동을 통해 문제를 창의적으로 탐색하고 실현하고 평가한다.,생활 속 문제를 찾아 아이디어를 구상하고 확산적 · 수렴적 사고 기법을 활용하여 창의적으로 해결한다.
646,사회,exact,0.5906239748001099,"시간적, 공간적, 사회적, 윤리적 관점의 특징을 이해하고, 이를 바탕으로 인간, 사회, 환경의 탐구에 통합적 관점이 요청되는 이유를 파악한다.","자연환경이 인간의 생활에 미치는 영향에 관한 과거와 현재의 사례를 조사하여 분석하고, 안전하고 쾌적한 환경 속에서 살아갈 시민의 권리에 대해 파악한다."
647,사회,exact,0.7072669267654419,"자연환경이 인간의 생활에 미치는 영향에 관한 과거와 현재의 사례를 조사하여 분석하고, 안전하고 쾌적한 환경 속에서 살아갈 시민의 권리에 대해 파악한다.","자연에 대한 인간의 다양한 관점을 사례를 통해 설명하고, 인간과 자연의 바람직한 관계에 대해 제안한다."
648,사회,exact,0.5589017868041992,"자연환경이 인간의 생활에 미치는 영향에 관한 과거와 현재의 사례를 조사하여 분석하고, 안전하고 쾌적한 환경 속에서 살아갈 시민의 권리에 대해 파악한다.","근대 시민 혁명 등을 통해 확립되어 온 인권의 의미와 변화 양상을 이해하고, 현대 사회에서 주거, 안전, 환경 등 다양한 영역으로 인권이 확장되고 있는 사례를 조사한다."
649,사회,exact,0.7072669267654419,"자연에 대한 인간의 다양한 관점을 사례를 통해 설명하고, 인간과 자연의 바람직한 관계에 대해 제안한다.","자연환경이 인간의 생활에 미치는 영향에 관한 과거와 현재의 사례를 조사하여 분석하고, 안전하고 쾌적한 환경 속에서 살아갈 시민의 권리에 대해 파악한다."
650,사회,exact,0.6211029291152954,"환경 문제 해결을 위한 정부, 시민사회, 기업 등의 다양한 노력을 조사하고, 개인적 차원의 실천 방안을 모색한다.","자연환경이 인간의 생활에 미치는 영향에 관한 과거와 현재의 사례를 조사하여 분석하고, 안전하고 쾌적한 환경 속에서 살아갈 시민의 권리에 대해 파악한다."
651,사회,exact,0.6211029291152954,"환경 문제 해결을 위한 정부, 시민사회, 기업 등의 다양한 노력을 조사하고, 개인적 차원의 실천 방안을 모색한다.","자연환경이 인간의 생활에 미치는 영향에 관한 과거와 현재의 사례를 조사하여 분석하고, 안전하고 쾌적한 환경 속에서 살아갈 시민의 권리에 대해 파악한다."
652,사회,exact,0.817135751247406,자신이 거주하는 지역을 사례로 공간 변화가 초래한 양상 및 문제점을 파악하고 이를 해결하기 위한 방안을 제안한다.,"산업화, 도시화로 인해 나타난 생활공간과 생활양식의 변화 양상을 조사하고, 이에 따른 문제점을 해결하기 위한 방안을 제안한다."
653,사회,exact,0.817135751247406,자신이 거주하는 지역을 사례로 공간 변화가 초래한 양상 및 문제점을 파악하고 이를 해결하기 위한 방안을 제안한다.,"산업화, 도시화로 인해 나타난 생활공간과 생활양식의 변화 양상을 조사하고, 이에 따른 문제점을 해결하기 위한 방안을 제안한다."
654,사회,exact,0.691143810749054,"근대 시민 혁명 등을 통해 확립되어 온 인권의 의미와 변화 양상을 이해하고, 현대 사회에서 주거, 안전, 환경 등 다양한 영역으로 인권이 확장되고 있는 사례를 조사한다.","일상생활에서 인권이 침해되는 사례를 분석하고, 국가 기관에 의한 구제 방법을 조사한다."
655,사회,exact,0.7111132740974426,"근대 시민 혁명 등을 통해 확립되어 온 인권의 의미와 변화 양상을 이해하고, 현대 사회에서 주거, 안전, 환경 등 다양한 영역으로 인권이 확장되고 있는 사례를 조사한다.","사회적 소수자 차별, 청소년의 노동권 등 국내 인권 문제와 인권지수를 통해 확인할 수 있는 세계 인권 문제의 양상을 조사하고 이에 대한 해결 방안을 제시한다."
656,사회,exact,0.5194056034088135,"인간 존엄성 실현과 인권 보장을 위한 헌법의 역할을 파악하고, 준법 의식과 시민 참여의 필요성에 대해 탐구한다.","행복한 삶을 실현하기 위한 조건으로 질 높은 정주 환경의 조성, 경제적 안정, 민주주의의 발전 및 도덕적 실천이 필요함을 설명한다."
657,사회,exact,0.6822640299797058,"사회적 소수자 차별, 청소년의 노동권 등 국내 인권 문제와 인권지수를 통해 확인할 수 있는 세계 인권 문제의 양상을 조사하고 이에 대한 해결 방안을 제시한다.","사회 및 공간 불평등 현상의 사례를 조사하고, 정의로운 사회를 만들기 위한 다양한 제도와 실천 방안을 탐색한다."
658,사회,exact,0.7018383741378784,"자원, 노동, 자본의 지역 분포에 따른 국제 분업과 무역의 필요성을 이해하고, 무역의 확대가 우리 삶에 어떤 영향을 끼치는지 사례를 통해 탐구한다.","국제 거래의 필요성을 이해하고, 이러한 교역 과정에서 환율이 결정되는 원리를 이해한다."
659,사회,exact,0.4317547380924225,안정적인 경제생활을 위해 금융 자산의 특징과 자산 관리의 원칙을 파악하고 이를 토대로 생애 주기별 금융 생활을 설계한다.,"자유 시장 경제에서 기업의 역할과 사회적 책임을 이해하고, 기업가 정신을 함양할 수 있는 태도를 갖는다."
660,사회,exact,0.5013124942779541,"정의가 요청되는 이유를 파악하고, 정의의 의미와 실질적 기준을 탐구한다.","정치의 의미와 기능을 이해하고, 정치 생활에서 국가와 시민이 수행하는 역할을 탐구한다."
661,사회,exact,0.7870388627052307,"다양한 정의관의 특징을 파악하고, 이를 구체적인 사례에 적용하여 평가한다.","정의가 요청되는 이유를 파악하고, 정의의 의미와 실질적 기준을 탐구한다."
662,사회,exact,0.6976150870323181,"사회 및 공간 불평등 현상의 사례를 조사하고, 정의로운 사회를 만들기 위한 다양한 제도와 실천 방안을 탐색한다.","현대의 주요한 사회 문제를 조사하고, 이에 대한 해결 방안을 탐구한다."
663,사회,exact,0.660155177116394,"문화 변동의 다양한 양상을 이해하고, 현대사회에서 전통문화가 갖는 의의를 파악한다.","문화를 바라보는 여러 가지 태도를 비교하고, 다른 문화들을 이해하기 위한 바람직한 태도를 가진다."
664,사회,exact,0.6583428382873535,"문화적 차이에 대한 상대주의적 태도의 필요성을 이해하고, 보편 윤리의 차원에서 자문화와 타문화를 성찰한다.","다문화 사회에서 나타날 수 있는 갈등을 해결하기 위한 방안을 모색하고, 문화적 다양성을 존중하는 태도를 갖는다."
665,사회,exact,0.6494148373603821,"다문화 사회에서 나타날 수 있는 갈등을 해결하기 위한 방안을 모색하고, 문화적 다양성을 존중하는 태도를 갖는다.","문화를 바라보는 여러 가지 태도를 비교하고, 다른 문화들을 이해하기 위한 바람직한 태도를 가진다."
666,사회,exact,0.6702918410301208,"세계화 양상을 다양한 측면에서 파악하고, 세계화 시대에 나타나는 문제를 조사하여 이를 해결하기 위한 방안을 제안한다.","사회 변동의 의미를 이해하고, 현대 사회의 변동 양상과 문제점을 분석한다."
667,사회,exact,0.5774714946746826,"남북 분단과 동아시아의 역사 갈등 상황을 분석하고, 우리나라가 국제 사회의 평화에 기여할 수 있는 방안을 탐구한다.",8·15 광복과 6·25 전쟁이 사회와 생활에 미친 영향을 파악한다.
668,사회,exact,0.7175894975662231,"세계의 인구 분포와 구조 등에 대한 자료 분석을 통해 현재와 미래의 인구 문제 양상을 파악하고, 그 해결 방안을 제안한다.","미래 지구촌의 모습을 다양한 측면에서 예측하고, 이를 바탕으로 자신의 미래 삶의 방향을 설정한다."
669,사회,exact,0.4884578287601471,"지구적 차원에서 사용 가능한 자원의 분포와 소비 실태를 파악하고, 지속가능한 발전을 위한 개인적 노력과 제도적 방안을 탐구한다.","현대의 주요한 사회 문제를 조사하고, 이에 대한 해결 방안을 탐구한다."
670,사회,exact,0.46902307868003845,"미래 지구촌의 모습을 다양한 측면에서 예측하고, 이를 바탕으로 자신의 미래 삶의 방향을 설정한다.","사회 및 공간 불평등 현상의 사례를 조사하고, 정의로운 사회를 만들기 위한 다양한 제도와 실천 방안을 탐색한다."
671,사회,exact,0.7895609140396118,"옛날과 오늘날의 혼인 풍습과 가족 구성을 비교하고, 시대별 가족의 모습과 가족 구성원의 역할 변화를 탐색한다.",현대의 여러 가지 가족 형태를 조사하여 가족의 다양한 삶의 모습을 존중하는 태도를 기른다.
672,사회,exact,0.5502933263778687,"우리 지역과 다른 지역의 물자 교환 및 교류 사례를 조사하여, 지역 간 경제활동이 밀접하게 관련되어 있음을 탐구한다.","공간 규모에 맞게 위치를 표현하고, 위치의 차이가 인간 생활에 미친 영향을 설명한다."
673,사회,exact,0.6316173672676086,"우리 지역을 표현한 다양한 종류의 지도를 찾아보고, 지도의 요소를 이해한다.","사례에서 도시의 인구, 교통, 산업 등의 특징을 탐구하고, 도시에서의 삶의 모습을 이해한다."
674,사회,exact,0.31895139813423157,"지역의 박물관, 기념관, 유적지 등을 체험하고 지역의 역사를 이해한다.",일제의 식민 통치와 이에 대한 저항이 사회와 생활에 미친 영향을 이해한다.
675,사회,exact,0.7755423188209534,우리나라의 인구 분포 및 구조에서 나타난 변화와 도시 발달 과정에서 나타난 특징을 탐구한다.,"사회 변화(저출산·고령화, 정보화, 세계화 등)로 나타난 일상생활의 모습을 조사하고, 그 특징을 분석한다."
676,사회,exact,0.5074058771133423,"일상 사례에서 법의 의미와 역할을 이해하고, 헌법에 규정된 인권이 일상생활에서 구현되는 사례를 조사하여 인권 친화적 태도를 기른다.","민주주의에서 선거의 의미와 역할을 파악하고, 시민의 주권 행사를 위해 선거에 참여하는 태도를 기른다."
677,사회,exact,0.33360522985458374,"일상생활에서 인권이 침해되는 사례를 찾아 그 해결방안을 탐색하고, 인권을 보호하는 활동에 참여한다.","여러 지역의 자연환경과 인문환경의 특징을 살펴보고, 환경의 이용과 개발에 따른 변화를 탐구한다."
678,사회,exact,0.5847546458244324,"조선을 세우거나 문화 발전에 기여한 인물(이성계, 세종대왕, 신사임당 등)의 업적을 통해 조선 전기 정치와 민족문화의 발전상을 탐색한다.","우리 지역과 관련된 역사적 인물의 삶을 알아보고, 지역의 역사에 대해 자부심을 갖는다."
679,사회,exact,0.34428077936172485,조선 시대 사람들의 생각과 생활에 유교 문화가 미친 영향을 파악한다.,"우리나라 산지, 하천, 해안 지형의 위치를 확인하고 지형의 분포 특징을 탐구한다."
680,사회,exact,0.5518519878387451,조선 후기 사회·문화적 변화와 개항기 근대 문물 수용 과정에서 달라진 사람들의 생활을 이해한다.,일제의 식민 통치와 이에 대한 저항이 사회와 생활에 미친 영향을 이해한다.
681,사회,exact,0.3672655522823334,"분단으로 나타난 문제점과 분단과 관련된 장소를 평화의 장소로 만들려는 노력 등을 알아보고, 평화 통일을 위해 우리가 할 수 있는 일을 탐색한다.",다양한 역사 자료를 활용하여 고려 시대 사회 모습과 사람들의 생활을 추론한다.
682,사회,exact,0.5013117790222168,"지속가능한 미래를 건설하기 위한 과제(친환경적 생산과 소비 방식 확산, 빈곤과 기아 퇴치, 문화적 편견과 차별 해소 등)를 조사하고, 세계시민으로서 이에 적극 참여하는 방안을 모색한다.","문화를 바라보는 여러 가지 태도를 비교하고, 다른 문화들을 이해하기 위한 바람직한 태도를 가진다."
683,사회,exact,0.571722686290741,"세계의 여러 지역의 지형 경관을 살펴보고, 이를 통해 다양한 삶의 모습을 이해한다.","사회 변화(저출산·고령화, 정보화, 세계화 등)로 나타난 일상생활의 모습을 조사하고, 그 특징을 분석한다."
684,사회,exact,0.5712099075317383,"시장경제에서 가계와 기업의 역할을 이해하고, 근로자의 권리와 기업의 자유 및 사회적 책임을 탐색한다.","자원의 희소성으로 인해 경제활동에서 선택의 문제가 발생함을 이해하고, 경제활동에서 합리적 선택의 방법을 탐색한다."
685,사회,exact,0.5278269052505493,"경제성장이 우리 생활에 미치는 영향을 파악하고, 빠른 경제성장으로 발생한 문제의 해결 방안을 탐색한다.","시장경제에서 가계와 기업의 역할을 이해하고, 근로자의 권리와 기업의 자유 및 사회적 책임을 탐색한다."
686,사회,exact,0.6966129541397095,세계의 인구 분포를 파악하고 여러 국가의 인구 특징을 탐구한다.,"세계의 여러 지역의 지형 경관을 살펴보고, 이를 통해 다양한 삶의 모습을 이해한다."
687,사회,exact,0.4340265989303589,"사회화의 의미와 과정을 이해하고, 사회화 과정에서 청소년기에 나타나는 특징을 설명한다.","사례를 통해 시대와 지역에 따라 다르게 나타나는 행복의 기준을 비교하여 평가하고, 삶의 목적으로서 행복의 의미를 성찰한다."
688,사회,exact,0.7527905702590942,"문화를 바라보는 여러 가지 태도를 비교하고, 다른 문화들을 이해하기 위한 바람직한 태도를 가진다.","문화의 의미를 이해하고, 문화가 가지는 특징을 사례를 통하여 분석한다"
689,사회,exact,0.5852079391479492,"민주 정치의 발전을 분석하고, 이를 토대로 민주주의의 이념과 민주 정치의 기본 원리를 도출한다.","선거의 기능과 기본 원칙을 이해하고, 공정한 선거를 위한 제도 및 기관에 대하여 조사한다."
690,사회,exact,0.6014540195465088,"정치 과정의 의미를 이해하고, 정치 과정에 참여하는 다양한 정치 주체의 역할을 설명한다.","선거의 기능과 기본 원칙을 이해하고, 공정한 선거를 위한 제도 및 기관에 대하여 조사한다."
691,사회,exact,0.5863725543022156,"선거의 기능과 기본 원칙을 이해하고, 공정한 선거를 위한 제도 및 기관에 대하여 조사한다.","정치의 의미와 기능을 이해하고, 정치 생활에서 국가와 시민이 수행하는 역할을 탐구한다."
692,사회,exact,0.5859694480895996,"인권 보장의 중요성을 이해하고, 우리나라 헌법에서 보장하고 있는 기본권의 종류, 기본권 제한의 내용과 한계를 탐구한다.","법의 의미와 특징을 이해하고, 사례 분석을 통해 법의 목적을 탐구한다."
693,사회,exact,0.5096542835235596,"일상생활에서 인권이 침해되는 사례를 분석하고, 국가 기관에 의한 구제 방법을 조사한다.","법원의 주요 조직과 기능을 조사하고, 헌법재판소의 위상과 역할을 분석한다."
694,사회,exact,0.5346859097480774,"자유 시장 경제에서 기업의 역할과 사회적 책임을 이해하고, 기업가 정신을 함양할 수 있는 태도를 갖는다.","경제 활동에서 희소성으로 인한 합리적 선택의 필요성을 이해하고, 기본적인 경제 문제 해결을 위한 방식으로서 경제 체제의 특징을 분석한다."
695,사회,exact,0.3770334720611572,"일생 동안 이루어지는 경제생활을 조사하고, 경제적으로 지속 가능한 생활을 위한 금융 생활(자산 관리, 신용 관리)의 중요성을 이해한다.","전 지구적인 차원에서 발생하는 기후 변화의 원인과 그에 따른 지역 변화를 조사하고, 이를 해결하기 위한 지역적·국제적 노력을 평가한다."
696,사회,exact,0.5873494148254395,"국제 사회의 특성을 이해하고, 국제 관계에 영향을 미치는 여러 행위 주체(국가, 국제기구, 다국적 기업 등)의 활동을 조사한다.",세계화에 따른 다국적 기업의 공간적 분업 체계가 생산 지역의 변화에 미친 영향을 탐구한다.
697,사회,exact,0.4454725384712219,"우리나라가 직면한 국가 간 갈등 문제를 국제 관계 속에서 인식하고, 이를 해결하기 위한 정부 및 시민 사회 활동을 조사한다.","자연환경이 인간의 생활에 미치는 영향에 관한 과거와 현재의 사례를 조사하여 분석하고, 안전하고 쾌적한 환경 속에서 살아갈 시민의 권리에 대해 파악한다."
698,사회,exact,0.3948163092136383,"공간 규모에 맞게 위치를 표현하고, 위치의 차이가 인간 생활에 미친 영향을 설명한다.",건조 기후와 툰드라 기후지역에서 살아가는 사람들이 기후 환경에 적응하거나 극복한 생활 모습을 조사한다.
699,사회,exact,0.7294310331344604,"열대 우림 기후 지역의 위치를 확인하고, 열대 우림 기후 지역의 다양한 생활 모습을 조사하여 그 공통점과 차이점을 분석한다.","기온과 강수량 자료를 분석하여 이를 기준으로 세계 기후 지역을 구분하고, 인간 거주에 적합한 기후 조건에 대해 논의한다."
700,사회,exact,0.6743413805961609,건조 기후와 툰드라 기후지역에서 살아가는 사람들이 기후 환경에 적응하거나 극복한 생활 모습을 조사한다.,"기온과 강수량 자료를 분석하여 이를 기준으로 세계 기후 지역을 구분하고, 인간 거주에 적합한 기후 조건에 대해 논의한다."
701,사회,exact,0.46142733097076416,"우리나라의 세계 자연 유산과 매력적인 자연 경관을 조사하고, 그 경관 특징과 형성 과정을 탐구한다.",독도의 지리적 특성과 독도에 대한 역사 기록을 바탕으로 영토로서 독도의 중요성을 이해한다.
702,사회,exact,0.8790454864501953,"서로 다른 문화가 공존하는 지역과 갈등이 있는 지역을 비교하여, 그 차이가 발생하는 이유를 분석한다.","다양한 기준으로 문화 지역을 구분해 보고, 지역별로 문화적 차이가 발생하는 이유를 지역의 자연환경, 경제·사회적 환경의 관점에서 파악한다."
703,사회,exact,0.7933249473571777,"자연재해가 빈번히 발생하는 지역을 조사하고, 그 이유를 설명한다.",자연재해가 지역 주민의 삶에 미친 영향을 사례를 중심으로 탐구한다.
704,사회,exact,0.6578115820884705,"인구 이동의 다양한 요인을 조사하고, 인구 유입 지역과 인구 유출 지역의 특징과 문제점을 분석한다.",도시 중심부에서 주변 지역으로 나가면서 관찰되는 경관과 지가의 변화를 분석한다.
705,사회,exact,0.5534402132034302,"환경 문제를 유발하는 산업이 다른 국가로 이전한 사례를 조사하고, 해당 지역 환경에 미친 영향을 분석한다.","지역 간 불평등을 완화하기 위한 국제 사회의 노력을 조사하고, 그 성과와 한계를 평가한다."
706,사회,exact,0.5569542646408081,"생활 속의 환경 이슈를 둘러싼 다양한 의견을 비교하고, 환경 이슈에 대한 자신의 의견을 제시한다.","현대의 주요한 사회 문제를 조사하고, 이에 대한 해결 방안을 탐구한다."
707,사회,exact,0.6301847696304321,"지역 간 불평등을 완화하기 위한 국제 사회의 노력을 조사하고, 그 성과와 한계를 평가한다.","지방 자치 제도의 의미와 특징을 이해하고, 지역 사회의 문제를 해결하기 위한 시민 참여 활동을 조사한다."
708,정보,exact,0.9792218804359436,복잡한 문제를 해결 가능한 작은 문제로 분해하고 모델링한다.,복잡하고 어려운 문제를 해결 가능한 작은 단위의 문제로 분해하고 모델링 한다.
709,정보,exact,0.8772477507591248,"자료형의 종류와 특성을 알고, 적합한 자료형을 선택하여 프로그램을 작성한다.",자료형에 적합한 변수를 정의하고 이를 활용한 프로그램 을 작성한다.
710,정보,exact,0.5746560096740723,"자료형의 종류와 특성을 알고, 적합한 자료형을 선택하여 프로그램을 작성한다.","사례를 중심으로 데이터 간의 관계를 파악하고, 데이터에 기반하여 의미를 해석한다."
711,정보,exact,0.5373122692108154,표준입출력과 파일입출력을 활용한 프로그램을 작성한다.,"컴퓨팅 시스템의 구성요소와 동작 원리를 이해하고, 운영 체제의 기능을 분석한다."
712,정보,exact,0.7049009203910828,표준입출력과 파일입출력을 활용한 프로그램을 작성한다.,자료형에 적합한 변수를 정의하고 이를 활용한 프로그램 을 작성한다.
713,정보,exact,0.8191683292388916,다양한 제어 구조를 복합적으로 활용한 프로그램을 작성한다.,"순차, 선택, 반복 구조를 활용한 프로그램을 작성한다."
714,정보,exact,0.8191683292388916,다양한 제어 구조를 복합적으로 활용한 프로그램을 작성한다.,"순차, 선택, 반복 구조를 활용한 프로그램을 작성한다."
715,정보,exact,0.8191683292388916,다양한 제어 구조를 복합적으로 활용한 프로그램을 작성한다.,"순차, 선택, 반복 구조를 활용한 프로그램을 작성한다."
716,정보,exact,0.7243658900260925,다양한 제어 구조를 복합적으로 활용한 프로그램을 작성한다.,함수의 개념을 이해하고 함수를 활용한 프로그램을 작성한다.
717,정보,exact,0.7252196073532104,디지털 기술이 사회에 미치는 영향력을 분석하고 발전 방향을 예측하여 진로를 설계한다.,정보사회에서 정보과학의 지식과 기술이 활용되는 분야 를 탐색하고 영향력을 평가한다.
718,정보,exact,0.7252196073532104,디지털 기술이 사회에 미치는 영향력을 분석하고 발전 방향을 예측하여 진로를 설계한다.,정보사회에서 정보과학의 지식과 기술이 활용되는 분야 를 탐색하고 영향력을 평가한다.
719,정보,exact,0.7252196073532104,디지털 기술이 사회에 미치는 영향력을 분석하고 발전 방향을 예측하여 진로를 설계한다.,정보사회에서 정보과학의 지식과 기술이 활용되는 분야 를 탐색하고 영향력을 평가한다.
720,정보,exact,0.4488528370857239,정보과학 분야의 직업과 진로를 탐색한다,문제 해결 목적에 맞는 피지컬 컴퓨팅 구성요소를 선택하여 시스템을 구상한다.
721,정보,exact,0.4878617525100708,정보보호 제도 및 방법에 따라 올바르게 정보를 공유하는 방법을 실천한다.,정보사회에서 정보과학의 지식과 기술이 활용되는 분야 를 탐색하고 영향력을 평가한다.
722,정보,exact,0.4998629689216614,"정보보안의 필요성을 이해하고 암호 설정, 접근 권한 관리 등 정보보안을 실천한다.",유무선 네트워크의 특성을 이해하고 사용하는 컴퓨팅 시스 템의 네트워크 환경을 설정한다.
723,정보,exact,0.3846658766269684,소프트웨어 저작권 보호 제도 및 방법을 알고 올바르게 활 용한다.,유무선 네트워크의 특성을 이해하고 사용하는 컴퓨팅 시스 템의 네트워크 환경을 설정한다.
724,정보,exact,0.6456625461578369,사이버 공간에서 발생하는 사회적 문제를 예방하기 위한 제도를 이해하고 사이버 윤리를 실천한다.,정보보호 제도 및 방법에 따라 올바르게 정보를 공유하는 방법을 실천한다.
725,정보,exact,0.45185917615890503,사이버 공간에서 발생하는 사회적 문제를 예방하기 위한 제도를 이해하고 사이버 윤리를 실천한다.,정보사회에서 정보과학의 지식과 기술이 활용되는 분야 를 탐색하고 영향력을 평가한다.
726,정보,exact,0.6061874628067017,동일한 정보가 다양한 방법으로 디지털로 변환되어 표 현될 수 있음을 이해하고 정보 활용 목적에 따라 보다 효율적인 방법을 선 택한다.,"컴퓨팅 환경에서 생산되는 방대하고 복잡한 종류의 자료 들을 수집, 분석, 활용하기 위한 컴퓨팅 기술의 역할과 중요성을 이해한다"
727,정보,exact,0.6061874628067017,동일한 정보가 다양한 방법으로 디지털로 변환되어 표 현될 수 있음을 이해하고 정보 활용 목적에 따라 보다 효율적인 방법을 선 택한다.,"컴퓨팅 환경에서 생산되는 방대하고 복잡한 종류의 자료 들을 수집, 분석, 활용하기 위한 컴퓨팅 기술의 역할과 중요성을 이해한다"
728,정보,exact,0.7325405478477478,"컴퓨팅 환경에서 생산되는 방대하고 복잡한 종류의 자료 들을 수집, 분석, 활용하기 위한 컴퓨팅 기술의 역할과 중요성을 이해한다","피지컬 컴퓨팅의 개념을 이해하고, 생활 속에서 적용된 사례 조사를 통해 컴퓨팅 시스템의 필요성과 가치를 판단한다."
729,정보,exact,0.6061874628067017,"컴퓨팅 환경에서 생산되는 방대하고 복잡한 종류의 자료 들을 수집, 분석, 활용하기 위한 컴퓨팅 기술의 역할과 중요성을 이해한다",동일한 정보가 다양한 방법으로 디지털로 변환되어 표 현될 수 있음을 이해하고 정보 활용 목적에 따라 보다 효율적인 방법을 선 택한다.
730,정보,exact,0.7862832546234131,"인터넷, 응용 소프트웨어 등 컴퓨팅 도구를 활용하여 문제 해결을 위한 자료를 수집하고 분석한다.","컴퓨팅 환경에서 생산되는 방대하고 복잡한 종류의 자료 들을 수집, 분석, 활용하기 위한 컴퓨팅 기술의 역할과 중요성을 이해한다"
731,정보,exact,0.7862832546234131,"인터넷, 응용 소프트웨어 등 컴퓨팅 도구를 활용하여 문제 해결을 위한 자료를 수집하고 분석한다.","컴퓨팅 환경에서 생산되는 방대하고 복잡한 종류의 자료 들을 수집, 분석, 활용하기 위한 컴퓨팅 기술의 역할과 중요성을 이해한다"
732,정보,exact,0.7862832546234131,"인터넷, 응용 소프트웨어 등 컴퓨팅 도구를 활용하여 문제 해결을 위한 자료를 수집하고 분석한다.","컴퓨팅 환경에서 생산되는 방대하고 복잡한 종류의 자료 들을 수집, 분석, 활용하기 위한 컴퓨팅 기술의 역할과 중요성을 이해한다"
733,정보,exact,0.7862832546234131,"인터넷, 응용 소프트웨어 등 컴퓨팅 도구를 활용하여 문제 해결을 위한 자료를 수집하고 분석한다.","컴퓨팅 환경에서 생산되는 방대하고 복잡한 종류의 자료 들을 수집, 분석, 활용하기 위한 컴퓨팅 기술의 역할과 중요성을 이해한다"
734,정보,exact,0.6900259852409363,정보를 관리하는 데 적합한 컴퓨팅 도구를 선택하고 이를 활용하여 정보를 체계적으로 관리한다.,동일한 정보가 다양한 방법으로 디지털로 변환되어 표 현될 수 있음을 이해하고 정보 활용 목적에 따라 보다 효율적인 방법을 선 택한다.
735,정보,exact,0.7649359703063965,정보를 관리하는 데 적합한 컴퓨팅 도구를 선택하고 이를 활용하여 정보를 체계적으로 관리한다.,"컴퓨팅 환경에서 생산되는 방대하고 복잡한 종류의 자료 들을 수집, 분석, 활용하기 위한 컴퓨팅 기술의 역할과 중요성을 이해한다"
736,정보,exact,0.7649359703063965,정보를 관리하는 데 적합한 컴퓨팅 도구를 선택하고 이를 활용하여 정보를 체계적으로 관리한다.,"컴퓨팅 환경에서 생산되는 방대하고 복잡한 종류의 자료 들을 수집, 분석, 활용하기 위한 컴퓨팅 기술의 역할과 중요성을 이해한다"
737,정보,exact,0.7649359703063965,정보를 관리하는 데 적합한 컴퓨팅 도구를 선택하고 이를 활용하여 정보를 체계적으로 관리한다.,"컴퓨팅 환경에서 생산되는 방대하고 복잡한 종류의 자료 들을 수집, 분석, 활용하기 위한 컴퓨팅 기술의 역할과 중요성을 이해한다"
738,정보,exact,0.7254219055175781,"복잡한 문제 상황에서 문제의 현재 상태, 목표 상태를 이 해하고 목표 상태에 도달하기 위해 수행해야 할 작업을 분석한다.",복잡한 문제 상황에서 문제 해결에 불필요한 요소를 제거하 거나 필요한 요소를 추출한다.
739,정보,exact,0.5609310865402222,복잡한 문제 상황에서 문제 해결에 불필요한 요소를 제거하 거나 필요한 요소를 추출한다.,"문제 해결을 위한 추상화의 중요성을 이해하고, 핵심요소를 중심으로 알고리즘을 표현한다."
740,정보,exact,0.6963071823120117,복잡하고 어려운 문제를 해결 가능한 작은 단위의 문제로 분해하고 모델링 한다.,복잡한 문제 상황에서 문제 해결에 불필요한 요소를 제거하 거나 필요한 요소를 추출한다.
741,정보,exact,0.4758722186088562,복잡하고 어려운 문제를 해결 가능한 작은 단위의 문제로 분해하고 모델링 한다.,중첩 제어 구조를 활용한 프로그램을 작성한다.
742,정보,exact,0.7764260768890381,"순차 구조, 선택 구조, 반복 구조 등의 제어 구조를 활용하 여 논리적이고 효율적인 알고리즘을 설계한다.","순차, 선택, 반복 구조를 활용한 프로그램을 작성한다."
743,정보,exact,0.7764260768890381,"순차 구조, 선택 구조, 반복 구조 등의 제어 구조를 활용하 여 논리적이고 효율적인 알고리즘을 설계한다.","순차, 선택, 반복 구조를 활용한 프로그램을 작성한다."
744,정보,exact,0.6507148742675781,"순차 구조, 선택 구조, 반복 구조 등의 제어 구조를 활용하 여 논리적이고 효율적인 알고리즘을 설계한다.",다양한 연산자를 활용한 프로그램을 작성한다.
745,정보,exact,0.8101284503936768,다양한 알고리즘의 성능을 수행시간의 관점에서 분석하고 비교한다.,다양한 학문 분야의 문제 해결을 위해 설계한 알고리즘을 프로그램으로 구현하고 효율성을 비교·분석한다.
746,정보,exact,0.5799419283866882,다양한 알고리즘의 성능을 수행시간의 관점에서 분석하고 비교한다.,자료형에 적합한 변수를 정의하고 이를 활용한 프로그램 을 작성한다.
747,정보,exact,0.41947847604751587,텍스트 기반 프로그래밍 언어의 개발 환경 및 특성을 이해 한다.,동일한 정보가 다양한 방법으로 디지털로 변환되어 표 현될 수 있음을 이해하고 정보 활용 목적에 따라 보다 효율적인 방법을 선 택한다.
748,정보,exact,0.6016365885734558,텍스트 기반 프로그래밍 언어의 개발 환경 및 특성을 이해 한다.,"자료형의 종류와 특성을 알고, 적합한 자료형을 선택하여 프로그램을 작성한다."
749,정보,exact,0.7209134697914124,자료형에 적합한 변수를 정의하고 이를 활용한 프로그램 을 작성한다.,다양한 연산자를 활용한 프로그램을 작성한다.
750,정보,exact,0.7209134697914124,자료형에 적합한 변수를 정의하고 이를 활용한 프로그램 을 작성한다.,다양한 연산자를 활용한 프로그램을 작성한다.
751,정보,exact,0.7049009799957275,표준입출력과 파일입출력을 활용한 프로그램을 작성한다.,자료형에 적합한 변수를 정의하고 이를 활용한 프로그램 을 작성한다.
752,정보,exact,0.5593479871749878,표준입출력과 파일입출력을 활용한 프로그램을 작성한다.,텍스트 기반 프로그래밍 언어의 개발 환경 및 특성을 이해 한다.
753,정보,exact,0.83997642993927,"순차, 선택, 반복 구조를 활용한 프로그램을 작성한다.",중첩 제어 구조를 활용한 프로그램을 작성한다.
754,정보,exact,0.7368744611740112,"순차, 선택, 반복 구조를 활용한 프로그램을 작성한다.",자료형에 적합한 변수를 정의하고 이를 활용한 프로그램 을 작성한다.
755,정보,exact,0.7933415174484253,"순차, 선택, 반복 구조를 활용한 프로그램을 작성한다.",다양한 연산자를 활용한 프로그램을 작성한다.
756,정보,exact,0.7058978080749512,중첩 제어 구조를 활용한 프로그램을 작성한다.,자료형에 적합한 변수를 정의하고 이를 활용한 프로그램 을 작성한다.
757,정보,exact,0.7666847705841064,배열의 개념을 이해하고 배열을 활용한 프로그램을 작성한다.,다양한 연산자를 활용한 프로그램을 작성한다.
758,정보,exact,0.6907026171684265,다양한 학문 분야의 문제 해결을 위한 알고리즘을 협력하여 설계한다.,"순차 구조, 선택 구조, 반복 구조 등의 제어 구조를 활용하 여 논리적이고 효율적인 알고리즘을 설계한다."
759,정보,exact,0.5088222026824951,다양한 학문 분야의 문제 해결을 위한 알고리즘을 협력하여 설계한다.,복잡하고 어려운 문제를 해결 가능한 작은 단위의 문제로 분해하고 모델링 한다.
760,정보,exact,0.7348546981811523,다양한 학문 분야의 문제 해결을 위해 설계한 알고리즘을 프로그램으로 구현하고 효율성을 비교·분석한다.,함수의 개념을 이해하고 함수를 활용한 프로그램을 작성한다.
761,정보,exact,0.788425087928772,다양한 학문 분야의 문제 해결을 위해 설계한 알고리즘을 프로그램으로 구현하고 효율성을 비교·분석한다.,사례를 중심으로 문제 해결에 적합한 전략을 선택하여 알고리즘을 설계한다.
762,정보,exact,0.528314471244812,다양한 학문 분야의 문제 해결을 위해 설계한 알고리즘을 프로그램으로 구현하고 효율성을 비교·분석한다.,복잡한 문제 상황에서 문제 해결에 불필요한 요소를 제거하 거나 필요한 요소를 추출한다.
763,정보,exact,0.8670520782470703,운영체제의 개념과 기능을 이해하고 운영체제를 활용하 여 컴퓨팅 시스템의 자원을 효율적으로 관리한다.,"컴퓨팅 시스템의 구성요소와 동작 원리를 이해하고, 운영 체제의 기능을 분석한다."
764,정보,exact,0.6081783771514893,유무선 네트워크의 특성을 이해하고 사용하는 컴퓨팅 시스 템의 네트워크 환경을 설정한다.,운영체제의 개념과 기능을 이해하고 운영체제를 활용하 여 컴퓨팅 시스템의 자원을 효율적으로 관리한다.
765,정보,exact,0.898827075958252,유무선 네트워크의 특성을 이해하고 사용하는 컴퓨팅 시스 템의 네트워크 환경을 설정한다.,"유무선 네트워크의 특성을 이해하고, 컴퓨팅 시스템 간 공유, 협력, 소통을 위한 네트워크 환경을 구성한다."
766,정보,exact,0.6733654141426086,문제 해결에 적합한 하드웨어를 선택하여 컴퓨팅 장치를 구성한다.,"컴퓨팅 시스템의 구성요소와 동작 원리를 이해하고, 운영 체제의 기능을 분석한다."
767,정보,exact,0.5695781707763672,문제 해결에 적합한 하드웨어를 선택하여 컴퓨팅 장치를 구성한다.,유무선 네트워크의 특성을 이해하고 사용하는 컴퓨팅 시스 템의 네트워크 환경을 설정한다.
768,정보,exact,0.5695781707763672,문제 해결에 적합한 하드웨어를 선택하여 컴퓨팅 장치를 구성한다.,유무선 네트워크의 특성을 이해하고 사용하는 컴퓨팅 시스 템의 네트워크 환경을 설정한다.
769,정보,exact,0.8049345016479492,피지컬 컴퓨팅 장치의 동작을 제어하기 위한 프로그램을 작성한다.,다양한 연산자를 활용한 프로그램을 작성한다.
770,정보,exact,0.7355872988700867,피지컬 컴퓨팅 장치의 동작을 제어하기 위한 프로그램을 작성한다.,문제 해결 목적에 맞는 피지컬 컴퓨팅 구성요소를 선택하여 시스템을 구상한다.
771,정보,exact,0.8049345016479492,피지컬 컴퓨팅 장치의 동작을 제어하기 위한 프로그램을 작성한다.,다양한 연산자를 활용한 프로그램을 작성한다.
772,정보,exact,0.6733654141426086,"컴퓨팅 시스템의 구성요소와 동작 원리를 이해하고, 운영 체제의 기능을 분석한다.",문제 해결에 적합한 하드웨어를 선택하여 컴퓨팅 장치를 구성한다.
773,정보,exact,0.6215336322784424,"컴퓨팅 시스템의 구성요소와 동작 원리를 이해하고, 운영 체제의 기능을 분석한다.",유무선 네트워크의 특성을 이해하고 사용하는 컴퓨팅 시스 템의 네트워크 환경을 설정한다.
774,정보,exact,0.6181561946868896,문제 해결 목적에 맞는 피지컬 컴퓨팅 구성요소를 선택하여 시스템을 구상한다.,복잡한 문제 상황에서 문제 해결에 불필요한 요소를 제거하 거나 필요한 요소를 추출한다.
775,정보,exact,0.6744036078453064,"실생활의 데이터가 디지털 형태로 변환되어 활용되는 긍정적 가치를 탐색하고, 다양한 데이터를 디지털 형태로 표현한다.","문제 해결에 적합한 데이터를 수집하고, 목적에 맞게 구분하여 관리한다."
776,정보,exact,0.6133015155792236,"실생활의 데이터가 디지털 형태로 변환되어 활용되는 긍정적 가치를 탐색하고, 다양한 데이터를 디지털 형태로 표현한다.","디지털 사회의 특성을 탐구하고, 사회 변화에 따른 직업의 변화를 탐구한다."
777,정보,exact,0.6744036078453064,"문제 해결에 적합한 데이터를 수집하고, 목적에 맞게 구분하여 관리한다.","실생활의 데이터가 디지털 형태로 변환되어 활용되는 긍정적 가치를 탐색하고, 다양한 데이터를 디지털 형태로 표현한다."
778,정보,exact,0.7123420238494873,"사례를 중심으로 데이터 간의 관계를 파악하고, 데이터에 기반하여 의미를 해석한다.","실생활의 데이터가 디지털 형태로 변환되어 활용되는 긍정적 가치를 탐색하고, 다양한 데이터를 디지털 형태로 표현한다."
779,정보,exact,0.7028545141220093,여러 학문 분야의 사례를 중심으로 데이터를 수집 분석하여 융합적으로 문제를 해결한다.,"문제 해결에 적합한 데이터를 수집하고, 목적에 맞게 구분하여 관리한다."
780,정보,exact,0.7790106534957886,문제의 상태를 정의하고 수행 가능한 형태로 구조화한다.,"복잡한 문제 상황에서 문제의 현재 상태, 목표 상태를 이 해하고 목표 상태에 도달하기 위해 수행해야 할 작업을 분석한다."
781,정보,exact,0.5609309673309326,"문제 해결을 위한 추상화의 중요성을 이해하고, 핵심요소를 중심으로 알고리즘을 표현한다.",복잡한 문제 상황에서 문제 해결에 불필요한 요소를 제거하 거나 필요한 요소를 추출한다.
782,정보,exact,0.7912120819091797,"알고리즘의 중요성을 이해하고, 문제를 해결하는 다양한 알고리즘을 비교 분석한다.",다양한 학문 분야의 문제 해결을 위한 알고리즘을 협력하여 설계한다.
783,정보,exact,0.5382682085037231,사례를 중심으로 문제 해결에 적합한 전략을 선택하여 알고리즘을 설계한다.,복잡한 문제를 해결 가능한 작은 문제로 분해하고 모델링한다.
784,정보,exact,0.5876556634902954,사례를 중심으로 문제 해결에 적합한 전략을 선택하여 알고리즘을 설계한다.,"순차, 선택, 반복 구조를 활용한 프로그램을 작성한다."
785,정보,exact,0.6434494256973267,"인공지능 학습에서 데이터의 중요성을 이해하고, 학습에 필요한 데이터를 수집하여 분류한다.",인공지능의 개념과 특성을 설명하고 인공지능 소프트웨어를 구별한다.
786,정보,exact,0.5382278561592102,"인공지능 시스템으로 해결 가능한 문제를 발견하고, 문제 해결에 적합한 인공지능 시스템을 적용한다.",복잡한 문제 상황에서 문제 해결에 불필요한 요소를 제거하 거나 필요한 요소를 추출한다.
787,정보,exact,0.4330090880393982,"디지털 사회의 특성을 탐구하고, 사회 변화에 따른 직업의 변화를 탐구한다.","컴퓨팅 시스템의 구성요소와 동작 원리를 이해하고, 운영 체제의 기능을 분석한다."
788,정보,exact,0.49051374197006226,디지털 사회의 구성원으로서 편리하고 안전한 생활을 위한 규칙에 대해 민주적으로 논의하고 실천 방안을 수립한다.,인공지능 학습에 필요한 데이터의 수집과 활용에서 발생하는 윤리적인 문제의 해결 방안을 구상한다.
789,정보,exact,0.6141272783279419,디지털 사회의 구성원으로서 편리하고 안전한 생활을 위한 규칙에 대해 민주적으로 논의하고 실천 방안을 수립한다.,사이버 공간에서 발생하는 사회적 문제를 예방하기 위한 제도를 이해하고 사이버 윤리를 실천한다.
